timestamp,project_name,run_id,duration,emissions,emissions_rate,cpu_power,gpu_power,ram_power,cpu_energy,gpu_energy,ram_energy,energy_consumed,country_name,country_iso_code,region,cloud_provider,cloud_region,os,python_version,codecarbon_version,cpu_count,cpu_model,gpu_count,gpu_model,longitude,latitude,ram_total_size,tracking_mode,on_cloud,algorithm,dataset,language,Algorithm,Dataset,Language
2024-08-23T17:36:04,codecarbon,b2173bd5-3bd1-4892-934b-d90d83cd3896,0.0189740657806396,5.4016896666288385e-08,2.8468804362112513e-06,42.5,0.0,3.0,2.2318313519159957e-07,0,1.5622576077779135e-08,2.388057112693787e-07,Italy,ITA,tuscany,,,macOS-14.5-arm64-arm-64bit,3.10.14,2.2.2,8,Apple M2,,,11.2356,43.7891,8.0,machine,N,,,,logisticRegression,breastCancer,python
2024-08-23T17:36:07,codecarbon,b87f2abe-ff65-4f6a-9f86-7893918fcbd1,0.0061218738555908,1.72149608484904e-08,2.812041093066428e-06,42.5,0.0,3.0,7.119973500569662e-08,0,4.9066543579101565e-09,7.610638936360677e-08,Italy,ITA,tuscany,,,macOS-14.5-arm64-arm-64bit,3.10.14,2.2.2,8,Apple M2,,,11.2356,43.7891,8.0,machine,N,,,,logisticRegression,breastCancer,python
2024-08-23T17:36:07,codecarbon,c739c10f-0e7e-4e1a-8e2d-02adbdcb8430,0.0088801383972167,2.5103368573453698e-08,2.8269118622432243e-06,42.5,0.0,3.0,1.0385546419355608e-07,0,7.125139236450195e-09,1.1098060343000625e-07,Italy,ITA,tuscany,,,macOS-14.5-arm64-arm-64bit,3.10.14,2.2.2,8,Apple M2,,,11.2356,43.7891,8.0,machine,N,,,,logisticRegression,breastCancer,python
2024-08-23T17:36:08,codecarbon,aac4d1f2-f7fe-4067-8c0a-785b073857b5,0.0085797309875488,2.4184952101972373e-08,2.818847366784614e-06,42.5,0.0,3.0,1.0024143589867489e-07,0,6.67889912923177e-09,1.0692033502790664e-07,Italy,ITA,tuscany,,,macOS-14.5-arm64-arm-64bit,3.10.14,2.2.2,8,Apple M2,,,11.2356,43.7891,8.0,machine,N,,,,logisticRegression,breastCancer,python
2024-08-23T17:36:09,codecarbon,817546aa-879f-468d-8b68-882334d85400,0.0060341358184814,1.7020995028813684e-08,2.820784208516075e-06,42.5,0.0,3.0,7.042288780212405e-08,0,4.825989405314127e-09,7.524887720743816e-08,Italy,ITA,tuscany,,,macOS-14.5-arm64-arm-64bit,3.10.14,2.2.2,8,Apple M2,,,11.2356,43.7891,8.0,machine,N,,,,logisticRegression,breastCancer,python
2024-08-23T17:36:10,codecarbon,c44e40e6-e4ea-4c08-b2a1-ff3e28332251,0.054520845413208,1.5554086572474904e-07,2.852869660144124e-06,42.5,0.0,3.0,6.42506115966373e-07,0,4.513144493103029e-08,6.876375608974033e-07,Italy,ITA,tuscany,,,macOS-14.5-arm64-arm-64bit,3.10.14,2.2.2,8,Apple M2,,,11.2356,43.7891,8.0,machine,N,,,,logisticRegression,breastCancer,python
2024-08-23T17:36:11,codecarbon,a60f409f-a8c8-49f6-a08e-e562cf1d7af3,0.0090348720550537,2.5476776744922012e-08,2.8198270644764044e-06,42.5,0.0,3.0,1.0542323191960657e-07,0,7.2081883748372415e-09,1.126314202944438e-07,Italy,ITA,tuscany,,,macOS-14.5-arm64-arm-64bit,3.10.14,2.2.2,8,Apple M2,,,11.2356,43.7891,8.0,machine,N,,,,logisticRegression,breastCancer,python
2024-08-23T17:36:11,codecarbon,7fe91ab3-e2e3-49f6-891c-d0a9f7fb2de6,0.0055491924285888,1.5554274576107662e-08,2.8029798527031867e-06,42.5,0.0,3.0,6.43854339917501e-08,0,4.379153251647949e-09,6.876458724339803e-08,Italy,ITA,tuscany,,,macOS-14.5-arm64-arm-64bit,3.10.14,2.2.2,8,Apple M2,,,11.2356,43.7891,8.0,machine,N,,,,logisticRegression,breastCancer,python
2024-08-23T17:36:12,codecarbon,cb1b5e12-4562-42e9-b829-c67b9fdb4e93,0.0191249847412109,5.287989413844216e-08,2.7649639910297755e-06,42.5,0.0,3.0,2.185417546166315e-07,0,1.523733139038086e-08,2.337790860070123e-07,Italy,ITA,tuscany,,,macOS-14.5-arm64-arm-64bit,3.10.14,2.2.2,8,Apple M2,,,11.2356,43.7891,8.0,machine,N,,,,logisticRegression,breastCancer,python
2024-08-23T17:36:12,codecarbon,98288770-b49f-4c1c-8a7c-59853252ddc2,0.0051751136779785,1.4568738560676576e-08,2.8151533410117024e-06,42.5,0.0,3.0,6.029009819030762e-08,0,4.1174888610839845e-09,6.440758705139162e-08,Italy,ITA,tuscany,,,macOS-14.5-arm64-arm-64bit,3.10.14,2.2.2,8,Apple M2,,,11.2356,43.7891,8.0,machine,N,,,,logisticRegression,breastCancer,python
2024-08-23T17:36:13,codecarbon,71073b16-0c36-4446-bc17-814c81854dd6,0.103935956954956,2.968149372092883e-07,2.8557483464353197e-06,42.5,0.0,3.0,1.2258648872375489e-06,0,8.633752663930259e-08,1.3122024138768516e-06,Italy,ITA,tuscany,,,macOS-14.5-arm64-arm-64bit,3.10.14,2.2.2,8,Apple M2,,,11.2356,43.7891,8.0,machine,N,,,,XGBoost,breastCancer,python
2024-08-23T17:36:14,codecarbon,86605bf7-21c1-4dbc-8da8-5bba2b9746b3,0.0893480777740478,2.5480718080043796e-07,2.851848491299603e-06,42.5,0.0,3.0,1.052475968996684e-06,0,7.40124781926473e-08,1.1264884471893312e-06,Italy,ITA,tuscany,,,macOS-14.5-arm64-arm-64bit,3.10.14,2.2.2,8,Apple M2,,,11.2356,43.7891,8.0,machine,N,,,,XGBoost,breastCancer,python
2024-08-23T17:36:15,codecarbon,59bb212c-7c88-414c-826e-92e797996192,0.0913622379302978,2.608593997383119e-07,2.855221212261973e-06,42.5,0.0,3.0,1.077385743459066e-06,0,7.585922876993815e-08,1.1532449722290042e-06,Italy,ITA,tuscany,,,macOS-14.5-arm64-arm-64bit,3.10.14,2.2.2,8,Apple M2,,,11.2356,43.7891,8.0,machine,N,,,,XGBoost,breastCancer,python
2024-08-23T17:36:16,codecarbon,6ae55b18-dc60-43dc-8f55-a8127867fc09,0.0862200260162353,2.4618143181602164e-07,2.855269746377313e-06,42.5,0.0,3.0,1.0167663296063745e-06,0,7.158815860748292e-08,1.088354488213857e-06,Italy,ITA,tuscany,,,macOS-14.5-arm64-arm-64bit,3.10.14,2.2.2,8,Apple M2,,,11.2356,43.7891,8.0,machine,N,,,,XGBoost,breastCancer,python
2024-08-23T17:36:16,codecarbon,186e949e-10e4-45a1-9548-ad7b2610ac23,0.0829207897186279,2.364818000891474e-07,2.8518999986805765e-06,42.5,0.0,3.0,9.767446253034804e-07,0,6.872832775115967e-08,1.04547295305464e-06,Italy,ITA,tuscany,,,macOS-14.5-arm64-arm-64bit,3.10.14,2.2.2,8,Apple M2,,,11.2356,43.7891,8.0,machine,N,,,,XGBoost,breastCancer,python
2024-08-23T17:36:17,codecarbon,d57c7af3-5932-45f6-890e-31fe3727a931,0.0863668918609619,2.462577792673641e-07,2.851298384846397e-06,42.5,0.0,3.0,1.0171519385443795e-06,0,7.15400775273641e-08,1.0886920160717436e-06,Italy,ITA,tuscany,,,macOS-14.5-arm64-arm-64bit,3.10.14,2.2.2,8,Apple M2,,,11.2356,43.7891,8.0,machine,N,,,,XGBoost,breastCancer,python
2024-08-23T17:36:18,codecarbon,5049369c-da24-4bab-9f94-5fa0f4212b1e,0.0840430259704589,2.397442698224386e-07,2.852637289698593e-06,42.5,0.0,3.0,9.902268648147583e-07,0,6.966928641001383e-08,1.0598961512247722e-06,Italy,ITA,tuscany,,,macOS-14.5-arm64-arm-64bit,3.10.14,2.2.2,8,Apple M2,,,11.2356,43.7891,8.0,machine,N,,,,XGBoost,breastCancer,python
2024-08-23T17:36:19,codecarbon,5afaa8d9-7841-4274-9b06-0603ed60a7e8,0.0892412662506103,2.544041863999102e-07,2.8507460403518226e-06,42.5,0.0,3.0,1.0507674680815804e-06,0,7.393936316172281e-08,1.1247068312433031e-06,Italy,ITA,tuscany,,,macOS-14.5-arm64-arm-64bit,3.10.14,2.2.2,8,Apple M2,,,11.2356,43.7891,8.0,machine,N,,,,XGBoost,breastCancer,python
2024-08-23T17:36:19,codecarbon,6ceb079e-c80f-4497-9b9c-928dea624600,0.0850450992584228,2.427718174068133e-07,2.854624423085369e-06,42.5,0.0,3.0,1.0027408599853516e-06,0,7.053991158803305e-08,1.0732807715733843e-06,Italy,ITA,tuscany,,,macOS-14.5-arm64-arm-64bit,3.10.14,2.2.2,8,Apple M2,,,11.2356,43.7891,8.0,machine,N,,,,XGBoost,breastCancer,python
2024-08-23T17:36:20,codecarbon,72d830d6-c6cd-4eea-9b62-f18dae5166ce,0.0860340595245361,2.454125269187821e-07,2.8525043253223766e-06,42.5,0.0,3.0,1.0135885741975573e-06,0,7.136662801106771e-08,1.084955202208625e-06,Italy,ITA,tuscany,,,macOS-14.5-arm64-arm-64bit,3.10.14,2.2.2,8,Apple M2,,,11.2356,43.7891,8.0,machine,N,,,,XGBoost,breastCancer,python
2024-08-23T17:36:21,codecarbon,f627023f-e36d-44ac-87bf-a4a954cc372e,0.0195941925048828,5.5702023410929586e-08,2.842782288530074e-06,42.5,0.0,3.0,2.3019727733400138e-07,0,1.605828603108724e-08,2.462555633650886e-07,Italy,ITA,tuscany,,,macOS-14.5-arm64-arm-64bit,3.10.14,2.2.2,8,Apple M2,,,11.2356,43.7891,8.0,machine,N,,,,decisionTree,breastCancer,python
2024-08-23T17:36:21,codecarbon,efe2ebf6-306b-4702-babd-9d01f5b51bd5,0.0128729343414306,3.6144589729574e-08,2.807797256702001e-06,42.5,0.0,3.0,1.4946990542941624e-07,0,1.0323325792948405e-08,1.5979323122236465e-07,Italy,ITA,tuscany,,,macOS-14.5-arm64-arm-64bit,3.10.14,2.2.2,8,Apple M2,,,11.2356,43.7891,8.0,machine,N,,,,decisionTree,breastCancer,python
2024-08-23T17:36:22,codecarbon,ef16bc4f-a560-43ec-9cf0-e909ad555cfd,0.0132648944854736,3.7666902332173464e-08,2.8395930607229804e-06,42.5,0.0,3.0,1.5569312704934017e-07,0,1.0830163955688477e-08,1.6652329100502866e-07,Italy,ITA,tuscany,,,macOS-14.5-arm64-arm-64bit,3.10.14,2.2.2,8,Apple M2,,,11.2356,43.7891,8.0,machine,N,,,,decisionTree,breastCancer,python
2024-08-23T17:36:23,codecarbon,cdbbcad1-3a33-4922-b289-70c8b5d524d3,0.0126571655273437,3.5912910830577224e-08,2.837358076181686e-06,42.5,0.0,3.0,1.4845381180445354e-07,0,1.0315179824829104e-08,1.5876899162928264e-07,Italy,ITA,tuscany,,,macOS-14.5-arm64-arm-64bit,3.10.14,2.2.2,8,Apple M2,,,11.2356,43.7891,8.0,machine,N,,,,decisionTree,breastCancer,python
2024-08-23T17:36:23,codecarbon,e2dc3be3-11ef-4442-ab3b-e85cbbb89725,0.0127198696136474,3.5901166221168315e-08,2.8224476595773483e-06,42.5,0.0,3.0,1.4843129449420505e-07,0,1.0285774866739913e-08,1.58717069360945e-07,Italy,ITA,tuscany,,,macOS-14.5-arm64-arm-64bit,3.10.14,2.2.2,8,Apple M2,,,11.2356,43.7891,8.0,machine,N,,,,decisionTree,breastCancer,python
2024-08-23T17:36:24,codecarbon,d0e66459-1652-4902-a86e-64ea07f73409,0.0127718448638916,3.6254410815768776e-08,2.8386197297358964e-06,42.5,0.0,3.0,1.498695876863268e-07,0,1.0409156481424969e-08,1.602787441677518e-07,Italy,ITA,tuscany,,,macOS-14.5-arm64-arm-64bit,3.10.14,2.2.2,8,Apple M2,,,11.2356,43.7891,8.0,machine,N,,,,decisionTree,breastCancer,python
2024-08-23T17:36:24,codecarbon,1d956409-e69f-49b2-bb7a-ea7e72fedd7d,0.0127649307250976,3.6217978558010536e-08,2.837303181505002e-06,42.5,0.0,3.0,1.49740113152398e-07,0,1.0377566019694012e-08,1.6011767917209209e-07,Italy,ITA,tuscany,,,macOS-14.5-arm64-arm-64bit,3.10.14,2.2.2,8,Apple M2,,,11.2356,43.7891,8.0,machine,N,,,,decisionTree,breastCancer,python
2024-08-23T17:36:25,codecarbon,cd9e37d5-6afb-4703-9e30-fdd0fcbdc687,0.0139987468719482,3.9754214537408625e-08,2.839840944411328e-06,42.5,0.0,3.0,1.6433133019341364e-07,0,1.141985257466634e-08,1.7575118276807997e-07,Italy,ITA,tuscany,,,macOS-14.5-arm64-arm-64bit,3.10.14,2.2.2,8,Apple M2,,,11.2356,43.7891,8.0,machine,N,,,,decisionTree,breastCancer,python
2024-08-23T17:36:29,codecarbon,0d21e04c-1052-4f41-9801-4cedb48cee6b,0.0125157833099365,3.548071220040321e-08,2.8348774760453372e-06,42.5,0.0,3.0,1.4669746160507201e-07,0,1.016080379486084e-08,1.5685826539993285e-07,Italy,ITA,tuscany,,,macOS-14.5-arm64-arm-64bit,3.10.14,2.2.2,8,Apple M2,,,11.2356,43.7891,8.0,machine,N,,,,decisionTree,breastCancer,python
2024-08-23T17:36:31,codecarbon,6e0a230a-eb26-4787-8ff0-13e196d2d4a2,0.0126178264617919,3.575552707235019e-08,2.8337310851929538e-06,42.5,0.0,3.0,1.478289564450582e-07,0,1.0244250297546386e-08,1.580732067426046e-07,Italy,ITA,tuscany,,,macOS-14.5-arm64-arm-64bit,3.10.14,2.2.2,8,Apple M2,,,11.2356,43.7891,8.0,machine,N,,,,decisionTree,breastCancer,python
2024-08-23T17:36:32,codecarbon,39f2616f-69db-4e0b-8b7b-13bd980490dc,0.1607041358947754,4.592079361332788e-07,2.8574742869962936e-06,42.5,0.0,3.0,1.896407869127062e-06,0,1.3372500737508137e-07,2.0301328765021432e-06,Italy,ITA,tuscany,,,macOS-14.5-arm64-arm-64bit,3.10.14,2.2.2,8,Apple M2,,,11.2356,43.7891,8.0,machine,N,,,,randomForest,breastCancer,python
2024-08-23T17:36:33,codecarbon,528f086e-df75-4466-976d-2ebaab63f669,0.1861929893493652,5.320380492320326e-07,2.857454789738282e-06,42.5,0.0,3.0,2.1971800261073645e-06,0,1.5493075052897138e-07,2.3521107766363356e-06,Italy,ITA,tuscany,,,macOS-14.5-arm64-arm-64bit,3.10.14,2.2.2,8,Apple M2,,,11.2356,43.7891,8.0,machine,N,,,,randomForest,breastCancer,python
2024-08-23T17:36:33,codecarbon,fbd33eec-52cd-4a2b-a7b0-4d66491c8698,0.165428876876831,4.726742618384628e-07,2.857265737168663e-06,42.5,0.0,3.0,1.9520509574148392e-06,0,1.3761579990386964e-07,2.089666757318709e-06,Italy,ITA,tuscany,,,macOS-14.5-arm64-arm-64bit,3.10.14,2.2.2,8,Apple M2,,,11.2356,43.7891,8.0,machine,N,,,,randomForest,breastCancer,python
2024-08-23T17:36:34,codecarbon,17e1eab2-0d7e-458c-9392-69603bad58c9,0.1882729530334472,5.37971900783115e-07,2.857404062109456e-06,42.5,0.0,3.0,2.2216873036490547e-06,0,1.5665670235951745e-07,2.3783440060085723e-06,Italy,ITA,tuscany,,,macOS-14.5-arm64-arm-64bit,3.10.14,2.2.2,8,Apple M2,,,11.2356,43.7891,8.0,machine,N,,,,randomForest,breastCancer,python
2024-08-23T17:36:35,codecarbon,3e6c2fbc-1379-4647-9561-0fd1ab662a54,0.1864252090454101,5.326519297791853e-07,2.857188319683954e-06,42.5,0.0,3.0,2.1997413701481298e-06,0,1.5508333841959637e-07,2.3548247085677257e-06,Italy,ITA,tuscany,,,macOS-14.5-arm64-arm-64bit,3.10.14,2.2.2,8,Apple M2,,,11.2356,43.7891,8.0,machine,N,,,,randomForest,breastCancer,python
2024-08-23T17:36:36,codecarbon,359fc599-5490-4e01-a287-51397884b73f,0.1835701465606689,5.245430035302375e-07,2.8574526596941995e-06,42.5,0.0,3.0,2.166227168507046e-06,0,1.5274842580159505e-07,2.318975594308642e-06,Italy,ITA,tuscany,,,macOS-14.5-arm64-arm-64bit,3.10.14,2.2.2,8,Apple M2,,,11.2356,43.7891,8.0,machine,N,,,,randomForest,breastCancer,python
2024-08-23T17:36:37,codecarbon,63f9c225-64b1-4c56-b922-8d1042ee4f98,0.1947081089019775,5.563879501786498e-07,2.8575489398787894e-06,42.5,0.0,3.0,2.297731075021956e-06,0,1.620292663574219e-07,2.459760341379378e-06,Italy,ITA,tuscany,,,macOS-14.5-arm64-arm-64bit,3.10.14,2.2.2,8,Apple M2,,,11.2356,43.7891,8.0,machine,N,,,,randomForest,breastCancer,python
2024-08-23T17:36:37,codecarbon,01493519-00fe-4d6c-8a73-a8cef9fe1064,0.1797618865966797,5.136532488865323e-07,2.8574090904986073e-06,42.5,0.0,3.0,2.1212600999408297e-06,0,1.4957249164581298e-07,2.270832591586643e-06,Italy,ITA,tuscany,,,macOS-14.5-arm64-arm-64bit,3.10.14,2.2.2,8,Apple M2,,,11.2356,43.7891,8.0,machine,N,,,,randomForest,breastCancer,python
2024-08-23T17:36:38,codecarbon,642acb56-e8d8-4fbd-949f-27971938d5d4,0.1871378421783447,5.347302612531186e-07,2.8574138454771422e-06,42.5,0.0,3.0,2.208297948042552e-06,0,1.5571494897206625e-07,2.364012897014618e-06,Italy,ITA,tuscany,,,macOS-14.5-arm64-arm-64bit,3.10.14,2.2.2,8,Apple M2,,,11.2356,43.7891,8.0,machine,N,,,,randomForest,breastCancer,python
2024-08-23T17:36:39,codecarbon,15ce20cb-40f5-4371-b844-0dcf9cacf8d9,0.2094488143920898,5.984437111804221e-07,2.8572313140915217e-06,42.5,0.0,3.0,2.47140990363227e-06,0,1.742766300837199e-07,2.64568653371599e-06,Italy,ITA,tuscany,,,macOS-14.5-arm64-arm-64bit,3.10.14,2.2.2,8,Apple M2,,,11.2356,43.7891,8.0,machine,N,,,,randomForest,breastCancer,python
2024-08-23T17:36:40,codecarbon,329a7663-4934-4e02-8d12-81d9e219f938,0.0549159049987793,1.566149282316367e-07,2.851904712034119e-06,42.5,0.0,3.0,6.470377246538798e-07,0,4.5348207155863446e-08,6.923859318097433e-07,Italy,ITA,tuscany,,,macOS-14.5-arm64-arm-64bit,3.10.14,2.2.2,8,Apple M2,,,11.2356,43.7891,8.0,machine,N,,,,KNN,breastCancer,python
2024-08-23T17:36:40,codecarbon,981ecc23-88fe-4b80-b7aa-dbf30073461d,0.0156528949737548,4.4472484034299856e-08,2.841166704872588e-06,42.5,0.0,3.0,1.8380035956700645e-07,0,1.2810031572977702e-08,1.966103911399842e-07,Italy,ITA,tuscany,,,macOS-14.5-arm64-arm-64bit,3.10.14,2.2.2,8,Apple M2,,,11.2356,43.7891,8.0,machine,N,,,,KNN,breastCancer,python
2024-08-23T17:36:41,codecarbon,7b0b6d69-4cd8-4630-aae9-6e33f5cee4f6,0.0139379501342773,3.9488215612702905e-08,2.833143699918273e-06,42.5,0.0,3.0,1.63270201947954e-07,0,1.1305014292399093e-08,1.745752162403531e-07,Italy,ITA,tuscany,,,macOS-14.5-arm64-arm-64bit,3.10.14,2.2.2,8,Apple M2,,,11.2356,43.7891,8.0,machine,N,,,,KNN,breastCancer,python
2024-08-23T17:36:42,codecarbon,ec0b9a46-d5f4-464e-8355-04addfbac7d3,0.0058901309967041,1.655604931169086e-08,2.8108117325327757e-06,42.5,0.0,3.0,6.85201750861274e-08,0,4.6732028325398775e-09,7.319337791866728e-08,Italy,ITA,tuscany,,,macOS-14.5-arm64-arm-64bit,3.10.14,2.2.2,8,Apple M2,,,11.2356,43.7891,8.0,machine,N,,,,KNN,breastCancer,python
2024-08-23T17:36:42,codecarbon,bcea264d-2593-42de-a1c8-296145fed7f4,0.0094718933105468,2.6665146958563067e-08,2.815186582483108e-06,42.5,0.0,3.0,1.1068946785397001e-07,0,7.1956713994344085e-09,1.1788513925340441e-07,Italy,ITA,tuscany,,,macOS-14.5-arm64-arm-64bit,3.10.14,2.2.2,8,Apple M2,,,11.2356,43.7891,8.0,machine,N,,,,KNN,breastCancer,python
2024-08-23T17:36:43,codecarbon,f0986fea-76e1-43d6-b621-538801b93d5f,0.0411679744720459,1.174025461559827e-07,2.851793114954001e-06,42.5,0.0,3.0,4.849609401490954e-07,0,3.4069220225016284e-08,5.190301603741116e-07,Italy,ITA,tuscany,,,macOS-14.5-arm64-arm-64bit,3.10.14,2.2.2,8,Apple M2,,,11.2356,43.7891,8.0,machine,N,,,,KNN,breastCancer,python
2024-08-23T17:36:44,codecarbon,939e7d70-aeb7-4159-afa1-8c24568ea4a6,0.0204908847808837,5.811258202155431e-08,2.836021120755522e-06,42.5,0.0,3.0,2.402315537134806e-07,0,1.668095588684082e-08,2.5691250960032146e-07,Italy,ITA,tuscany,,,macOS-14.5-arm64-arm-64bit,3.10.14,2.2.2,8,Apple M2,,,11.2356,43.7891,8.0,machine,N,,,,KNN,breastCancer,python
2024-08-23T17:36:45,codecarbon,70c14cd4-7884-4d3e-8cc1-f54b82cd3bcb,0.0498292446136474,1.419112015646034e-07,2.8479500876426316e-06,42.5,0.0,3.0,5.86736367808448e-07,0,4.0645202000935875e-08,6.273815698093839e-07,Italy,ITA,tuscany,,,macOS-14.5-arm64-arm-64bit,3.10.14,2.2.2,8,Apple M2,,,11.2356,43.7891,8.0,machine,N,,,,KNN,breastCancer,python
2024-08-23T17:36:45,codecarbon,f6d9545e-dfd5-4518-a73b-eb33aa66fe89,0.0168702602386474,4.7751342291434614e-08,2.8305041899734786e-06,42.5,0.0,3.0,1.978173851966858e-07,0,1.3288656870524093e-08,2.111060420672099e-07,Italy,ITA,tuscany,,,macOS-14.5-arm64-arm-64bit,3.10.14,2.2.2,8,Apple M2,,,11.2356,43.7891,8.0,machine,N,,,,KNN,breastCancer,python
2024-08-23T17:36:46,codecarbon,46218af8-54ef-4a3c-b967-f251d72c6823,0.0282201766967773,8.039849519769353e-08,2.848972069224314e-06,42.5,0.0,3.0,3.32161287466685e-07,0,2.3276011149088545e-08,3.554372986157736e-07,Italy,ITA,tuscany,,,macOS-14.5-arm64-arm-64bit,3.10.14,2.2.2,8,Apple M2,,,11.2356,43.7891,8.0,machine,N,,,,KNN,breastCancer,python
2024-08-23T17:36:47,codecarbon,386d7071-ff7c-490d-a5d4-fae952700df8,0.0100371837615966,2.8416659209065972e-08,2.831138682325524e-06,42.5,0.0,3.0,1.1753754483328929e-07,0,8.090933163960774e-09,1.2562847799725006e-07,Italy,ITA,tuscany,,,macOS-14.5-arm64-arm-64bit,3.10.14,2.2.2,8,Apple M2,,,11.2356,43.7891,8.0,machine,N,,,,SVC,breastCancer,python
2024-08-23T17:36:47,codecarbon,7c0594d1-cf5a-41e5-81b9-ecd10250f42a,0.0080859661102294,2.2863848327530756e-08,2.827596358412371e-06,42.5,0.0,3.0,9.456144438849557e-08,0,6.5183639526367195e-09,1.0107980834113228e-07,Italy,ITA,tuscany,,,macOS-14.5-arm64-arm-64bit,3.10.14,2.2.2,8,Apple M2,,,11.2356,43.7891,8.0,machine,N,,,,SVC,breastCancer,python
2024-08-23T17:36:48,codecarbon,92a8ec25-0143-40fa-8420-d416ce5a794e,0.0078473091125488,2.2182758354213508e-08,2.8267980827645114e-06,42.5,0.0,3.0,9.175522459877865e-08,0,6.313522656758627e-09,9.806874725553729e-08,Italy,ITA,tuscany,,,macOS-14.5-arm64-arm-64bit,3.10.14,2.2.2,8,Apple M2,,,11.2356,43.7891,8.0,machine,N,,,,SVC,breastCancer,python
2024-08-23T17:36:49,codecarbon,8702a2c9-368c-4981-9a3c-9c434876659c,0.0076727867126464,2.1654722812440663e-08,2.8222761329659787e-06,42.5,0.0,3.0,8.960200680626765e-08,0,6.132324536641439e-09,9.573433134290908e-08,Italy,ITA,tuscany,,,macOS-14.5-arm64-arm-64bit,3.10.14,2.2.2,8,Apple M2,,,11.2356,43.7891,8.0,machine,N,,,,SVC,breastCancer,python
2024-08-23T17:36:49,codecarbon,83754940-9d16-4f31-94a8-788b5b9df745,0.0071461200714111,2.017561359445254e-08,2.823296193296189e-06,42.5,0.0,3.0,8.34519664446513e-08,0,5.74330488840739e-09,8.919527133305869e-08,Italy,ITA,tuscany,,,macOS-14.5-arm64-arm-64bit,3.10.14,2.2.2,8,Apple M2,,,11.2356,43.7891,8.0,machine,N,,,,SVC,breastCancer,python
2024-08-23T17:36:50,codecarbon,3a3e4040-9381-405b-9a1f-45014243ac1d,0.0078577995300292,2.2212269681427217e-08,2.8267798887641513e-06,42.5,0.0,3.0,9.186781115002105e-08,0,6.3314040501912445e-09,9.81992152002123e-08,Italy,ITA,tuscany,,,macOS-14.5-arm64-arm-64bit,3.10.14,2.2.2,8,Apple M2,,,11.2356,43.7891,8.0,machine,N,,,,SVC,breastCancer,python
2024-08-23T17:36:50,codecarbon,c6c2c1b0-6f9d-4bbd-b961-c5e591c1edb8,0.0076591968536376,2.1639877266618947e-08,2.8253454872805888e-06,42.5,0.0,3.0,8.951193756527372e-08,0,6.1567624409993515e-09,9.566870000627309e-08,Italy,ITA,tuscany,,,macOS-14.5-arm64-arm-64bit,3.10.14,2.2.2,8,Apple M2,,,11.2356,43.7891,8.0,machine,N,,,,SVC,breastCancer,python
2024-08-23T17:36:54,codecarbon,88499542-ade3-4728-9e52-7e9c0f19c9d4,0.0076732635498046,2.16524383061462e-08,2.821803026262187e-06,42.5,0.0,3.0,8.960482147004869e-08,0,6.119410196940104e-09,9.57242316669888e-08,Italy,ITA,tuscany,,,macOS-14.5-arm64-arm-64bit,3.10.14,2.2.2,8,Apple M2,,,11.2356,43.7891,8.0,machine,N,,,,SVC,breastCancer,python
2024-08-23T17:36:57,codecarbon,1a09c366-5a06-4962-93de-38bec4d35a8e,0.0075860023498535,2.1367099724875563e-08,2.81664818167215e-06,42.5,0.0,3.0,8.843673600090878e-08,0,6.026029586791993e-09,9.446276558770077e-08,Italy,ITA,tuscany,,,macOS-14.5-arm64-arm-64bit,3.10.14,2.2.2,8,Apple M2,,,11.2356,43.7891,8.0,machine,N,,,,SVC,breastCancer,python
2024-08-23T17:36:57,codecarbon,22ef26c4-1eb0-4b63-b331-3f423393bd3d,0.0067250728607177,1.9029840060472492e-08,2.8296853364413088e-06,42.5,0.0,3.0,7.870644330978395e-08,0,5.423426628112793e-09,8.412986993789675e-08,Italy,ITA,tuscany,,,macOS-14.5-arm64-arm-64bit,3.10.14,2.2.2,8,Apple M2,,,11.2356,43.7891,8.0,machine,N,,,,SVC,breastCancer,python
2024-08-23T17:36:58,codecarbon,c7ab5f36-0711-4ffa-8e12-4b0e1d29d3d2,0.1212241649627685,3.462762886385123e-07,2.8564955571759456e-06,42.5,0.0,3.0,1.430116593837738e-06,0,1.007517178853353e-07,1.5308683117230734e-06,Italy,ITA,tuscany,,,macOS-14.5-arm64-arm-64bit,3.10.14,2.2.2,8,Apple M2,,,11.2356,43.7891,8.0,machine,N,,,,GMM,breastCancer,python
2024-08-23T17:36:59,codecarbon,15d36a47-e742-4a69-bda3-2539bac18480,0.2513809204101562,7.184280041154228e-07,2.857925744496546e-06,42.5,0.0,3.0,2.966863910357158e-06,0,2.092665433883667e-07,3.1761304537455247e-06,Italy,ITA,tuscany,,,macOS-14.5-arm64-arm-64bit,3.10.14,2.2.2,8,Apple M2,,,11.2356,43.7891,8.0,machine,N,,,,GMM,breastCancer,python
2024-08-23T17:36:59,codecarbon,13c8ba83-e844-4ff8-8f82-fe564ee92fa0,0.0417852401733398,1.191044733846189e-07,2.850395807001027e-06,42.5,0.0,3.0,4.92056707541148e-07,0,3.4497578938802085e-08,5.2655428647995e-07,Italy,ITA,tuscany,,,macOS-14.5-arm64-arm-64bit,3.10.14,2.2.2,8,Apple M2,,,11.2356,43.7891,8.0,machine,N,,,,GMM,breastCancer,python
2024-08-23T17:37:00,codecarbon,4569fc5f-3319-4d77-b641-75f43bb4df75,0.1631641387939453,4.655133682507939e-07,2.8530372647550673e-06,42.5,0.0,3.0,1.924920413229201e-06,0,1.330884297688802e-07,2.0580088429980807e-06,Italy,ITA,tuscany,,,macOS-14.5-arm64-arm-64bit,3.10.14,2.2.2,8,Apple M2,,,11.2356,43.7891,8.0,machine,N,,,,GMM,breastCancer,python
2024-08-23T17:37:01,codecarbon,86ec3731-7f04-4269-bbed-15614d080efc,0.2792119979858398,7.977663610593479e-07,2.8572065914581735e-06,42.5,0.0,3.0,3.294693430264791e-06,0,2.321875095367432e-07,3.526880939801534e-06,Italy,ITA,tuscany,,,macOS-14.5-arm64-arm-64bit,3.10.14,2.2.2,8,Apple M2,,,11.2356,43.7891,8.0,machine,N,,,,GMM,breastCancer,python
2024-08-23T17:37:02,codecarbon,f33bf93a-8f9a-4c63-975f-e9a905161043,0.1410748958587646,4.030266158115864e-07,2.856827314018161e-06,42.5,0.0,3.0,1.6644542415936789e-06,0,1.1730412642161053e-07,1.7817583680152894e-06,Italy,ITA,tuscany,,,macOS-14.5-arm64-arm-64bit,3.10.14,2.2.2,8,Apple M2,,,11.2356,43.7891,8.0,machine,N,,,,GMM,breastCancer,python
2024-08-23T17:37:03,codecarbon,98a616a7-801b-4da9-aaf9-3af08017071b,0.1901781558990478,5.431226385568248e-07,2.8558623675220107e-06,42.5,0.0,3.0,2.2430815630488928e-06,0,1.5803356965382896e-07,2.401115132702722e-06,Italy,ITA,tuscany,,,macOS-14.5-arm64-arm-64bit,3.10.14,2.2.2,8,Apple M2,,,11.2356,43.7891,8.0,machine,N,,,,GMM,breastCancer,python
2024-08-23T17:37:04,codecarbon,1a83b5ed-6b06-456e-8646-d350a26cd299,0.2093350887298584,5.980785422119829e-07,2.857039141602238e-06,42.5,0.0,3.0,2.4699828690952726e-06,0,1.7408927281697593e-07,2.6440721419122484e-06,Italy,ITA,tuscany,,,macOS-14.5-arm64-arm-64bit,3.10.14,2.2.2,8,Apple M2,,,11.2356,43.7891,8.0,machine,N,,,,GMM,breastCancer,python
2024-08-23T17:37:04,codecarbon,4468a36b-fd86-491c-b4d8-35b5a771a147,0.1133482456207275,3.2366870199574365e-07,2.855524584639497e-06,42.5,0.0,3.0,1.3367570108837552e-06,0,9.41644112269084e-08,1.4309214221106635e-06,Italy,ITA,tuscany,,,macOS-14.5-arm64-arm-64bit,3.10.14,2.2.2,8,Apple M2,,,11.2356,43.7891,8.0,machine,N,,,,GMM,breastCancer,python
2024-08-23T17:37:05,codecarbon,f05fcde0-f317-4577-bdc7-f7583c627f1d,0.1866419315338134,5.332876816652881e-07,2.857276911371192e-06,42.5,0.0,3.0,2.202381524774763e-06,0,1.5525380770365397e-07,2.3576353324784173e-06,Italy,ITA,tuscany,,,macOS-14.5-arm64-arm-64bit,3.10.14,2.2.2,8,Apple M2,,,11.2356,43.7891,8.0,machine,N,,,,GMM,breastCancer,python
2024-08-23T17:37:06,codecarbon,9641f97c-014c-4fda-88bb-b5cfcb0bb09b,0.0079870223999023,2.2577670845588057e-08,2.8267944817412944e-06,42.5,0.0,3.0,9.338210026423141e-08,0,6.432533264160157e-09,9.981463352839154e-08,Italy,ITA,tuscany,,,macOS-14.5-arm64-arm-64bit,3.10.14,2.2.2,8,Apple M2,,,11.2356,43.7891,8.0,machine,N,,,,logisticRegression,iris,python
2024-08-23T17:37:07,codecarbon,a8e0d8ab-7dbc-473a-a884-2f0ba5d21503,0.0055878162384033,1.5719373224443862e-08,2.8131514269222933e-06,42.5,0.0,3.0,6.507221195432875e-08,0,4.422267278035482e-09,6.949447923236425e-08,Italy,ITA,tuscany,,,macOS-14.5-arm64-arm-64bit,3.10.14,2.2.2,8,Apple M2,,,11.2356,43.7891,8.0,machine,N,,,,logisticRegression,iris,python
2024-08-23T17:37:08,codecarbon,a65bd41a-889e-4069-9b78-9ae246332305,0.0048010349273681,1.3476295140849222e-08,2.806956280202833e-06,42.5,0.0,3.0,5.579226546817356e-08,0,3.785689671834309e-09,5.95779551400079e-08,Italy,ITA,tuscany,,,macOS-14.5-arm64-arm-64bit,3.10.14,2.2.2,8,Apple M2,,,11.2356,43.7891,8.0,machine,N,,,,logisticRegression,iris,python
2024-08-23T17:37:08,codecarbon,490c29ec-f73a-4e83-9fa8-4688e70c732b,0.0046792030334472,1.3126750697427328e-08,2.805338986916449e-06,42.5,0.0,3.0,5.4342713620927604e-08,0,3.6899248758951822e-09,5.8032638496822786e-08,Italy,ITA,tuscany,,,macOS-14.5-arm64-arm-64bit,3.10.14,2.2.2,8,Apple M2,,,11.2356,43.7891,8.0,machine,N,,,,logisticRegression,iris,python
2024-08-23T17:37:09,codecarbon,ab677ff4-155a-4863-9ade-4303d686375c,0.005666971206665,1.5942992684841163e-08,2.8133181029912916e-06,42.5,0.0,3.0,6.598134835561117e-08,0,4.501740137736002e-09,7.048308849334719e-08,Italy,ITA,tuscany,,,macOS-14.5-arm64-arm-64bit,3.10.14,2.2.2,8,Apple M2,,,11.2356,43.7891,8.0,machine,N,,,,logisticRegression,iris,python
2024-08-23T17:37:09,codecarbon,2f07724b-c5df-4bcc-aed1-d2b1f263ae67,0.0054876804351806,1.5441225220362353e-08,2.8137981798960197e-06,42.5,0.0,3.0,6.39041264851888e-08,0,4.360675811767578e-09,6.826480229695639e-08,Italy,ITA,tuscany,,,macOS-14.5-arm64-arm-64bit,3.10.14,2.2.2,8,Apple M2,,,11.2356,43.7891,8.0,machine,N,,,,logisticRegression,iris,python
2024-08-23T17:37:10,codecarbon,a51b21d8-aeb9-42c0-b9c8-8d26e0a8eb65,0.005476951599121,1.5393325490024354e-08,2.8105644556900186e-06,42.5,0.0,3.0,6.373806132210627e-08,0,4.314978917439779e-09,6.805304023954603e-08,Italy,ITA,tuscany,,,macOS-14.5-arm64-arm-64bit,3.10.14,2.2.2,8,Apple M2,,,11.2356,43.7891,8.0,machine,N,,,,logisticRegression,iris,python
2024-08-23T17:37:11,codecarbon,accd0951-8883-46b1-a426-3fa34acd7b04,0.0050728321075439,1.4239050596555076e-08,2.806923291504128e-06,42.5,0.0,3.0,5.8955947558085136e-08,0,3.994107246398926e-09,6.295005480448405e-08,Italy,ITA,tuscany,,,macOS-14.5-arm64-arm-64bit,3.10.14,2.2.2,8,Apple M2,,,11.2356,43.7891,8.0,machine,N,,,,logisticRegression,iris,python
2024-08-23T17:37:11,codecarbon,0f20d55f-b9e7-433f-8d54-ac84eb10754a,0.0046939849853515,1.2953622571229936e-08,2.759621645926453e-06,42.5,0.0,3.0,5.3644677003224695e-08,0,3.622571627298991e-09,5.7267248630523695e-08,Italy,ITA,tuscany,,,macOS-14.5-arm64-arm-64bit,3.10.14,2.2.2,8,Apple M2,,,11.2356,43.7891,8.0,machine,N,,,,logisticRegression,iris,python
2024-08-23T17:37:12,codecarbon,c439ec39-4155-49fe-860c-032fde7c45f9,0.0054128170013427,1.5119064891735715e-08,2.793197126003906e-06,42.5,0.0,3.0,6.269663572311402e-08,0,4.143913586934407e-09,6.684054931004843e-08,Italy,ITA,tuscany,,,macOS-14.5-arm64-arm-64bit,3.10.14,2.2.2,8,Apple M2,,,11.2356,43.7891,8.0,machine,N,,,,logisticRegression,iris,python
2024-08-23T17:37:13,codecarbon,28553595-af4b-4fe3-8bb0-36f086f38433,0.151602029800415,4.331023658837213e-07,2.8568375136790917e-06,42.5,0.0,3.0,1.7886456516053942e-06,0,1.2607594331105554e-07,1.9147215949164497e-06,Italy,ITA,tuscany,,,macOS-14.5-arm64-arm-64bit,3.10.14,2.2.2,8,Apple M2,,,11.2356,43.7891,8.0,machine,N,,,,XGBoost,iris,python
2024-08-23T17:37:14,codecarbon,d373bbdb-6347-4dc8-b56d-b482cd89108c,0.1580908298492431,4.516282588360046e-07,2.8567644262901353e-06,42.5,0.0,3.0,1.8651819891399808e-06,0,1.314415534337362e-07,1.996623542573717e-06,Italy,ITA,tuscany,,,macOS-14.5-arm64-arm-64bit,3.10.14,2.2.2,8,Apple M2,,,11.2356,43.7891,8.0,machine,N,,,,XGBoost,iris,python
2024-08-23T17:37:15,codecarbon,69703e13-f4bb-412d-b223-b480f2e04975,0.127079963684082,3.6290692520817124e-07,2.855736771457929e-06,42.5,0.0,3.0,1.4988337953885396e-06,0,1.0555764039357505e-07,1.6043914357821146e-06,Italy,ITA,tuscany,,,macOS-14.5-arm64-arm-64bit,3.10.14,2.2.2,8,Apple M2,,,11.2356,43.7891,8.0,machine,N,,,,XGBoost,iris,python
2024-08-23T17:37:16,codecarbon,b6bc533d-72b3-41d8-89e7-1765a9b84ae7,0.1554198265075683,4.4392375012265314e-07,2.856287772918314e-06,42.5,0.0,3.0,1.8334382110171847e-06,0,1.29124124844869e-07,1.9625623358620537e-06,Italy,ITA,tuscany,,,macOS-14.5-arm64-arm-64bit,3.10.14,2.2.2,8,Apple M2,,,11.2356,43.7891,8.0,machine,N,,,,XGBoost,iris,python
2024-08-23T17:37:19,codecarbon,229351f1-66aa-45d0-a13e-42e0a0e5bb3e,0.1089899539947509,3.11351857465903e-07,2.8567023478227903e-06,42.5,0.0,3.0,1.2858510017395022e-06,0,9.061833222707112e-08,1.3764693339665731e-06,Italy,ITA,tuscany,,,macOS-14.5-arm64-arm-64bit,3.10.14,2.2.2,8,Apple M2,,,11.2356,43.7891,8.0,machine,N,,,,XGBoost,iris,python
2024-08-23T17:37:21,codecarbon,7991b3fe-ac4e-443c-bc7d-645c87c56194,0.1223740577697753,3.496123943763309e-07,2.8569159244033832e-06,42.5,0.0,3.0,1.443843709097968e-06,0,1.0177334149678549e-07,1.5456170505947536e-06,Italy,ITA,tuscany,,,macOS-14.5-arm64-arm-64bit,3.10.14,2.2.2,8,Apple M2,,,11.2356,43.7891,8.0,machine,N,,,,XGBoost,iris,python
2024-08-23T17:37:22,codecarbon,4c23e9d2-4a88-41d9-9a20-3ab123830c4c,0.1528501510620117,4.3656964722394946e-07,2.856193757026985e-06,42.5,0.0,3.0,1.8030285835266111e-06,0,1.2702167034149174e-07,1.930050253868103e-06,Italy,ITA,tuscany,,,macOS-14.5-arm64-arm-64bit,3.10.14,2.2.2,8,Apple M2,,,11.2356,43.7891,8.0,machine,N,,,,XGBoost,iris,python
2024-08-23T17:37:23,codecarbon,da41229e-9d27-429e-9c5b-8e92b29a0e34,0.1468439102172851,4.195224215687646e-07,2.8569276107398436e-06,42.5,0.0,3.0,1.732594437069363e-06,0,1.2209097544352214e-07,1.8546854125128853e-06,Italy,ITA,tuscany,,,macOS-14.5-arm64-arm-64bit,3.10.14,2.2.2,8,Apple M2,,,11.2356,43.7891,8.0,machine,N,,,,XGBoost,iris,python
2024-08-23T17:37:24,codecarbon,5588d95f-5f13-4bde-a4d9-4ac936f9b810,0.1633307933807373,4.663632270628877e-07,2.8553294661084346e-06,42.5,0.0,3.0,1.9259928001297845e-06,0,1.357732216517131e-07,2.0617660217814978e-06,Italy,ITA,tuscany,,,macOS-14.5-arm64-arm-64bit,3.10.14,2.2.2,8,Apple M2,,,11.2356,43.7891,8.0,machine,N,,,,XGBoost,iris,python
2024-08-23T17:37:25,codecarbon,07c17a0c-8a17-49be-bcad-21624438a691,0.1750550270080566,5.000731847286225e-07,2.856662806407767e-06,42.5,0.0,3.0,2.06526517868042e-06,0,1.4553070068359376e-07,2.2107958793640137e-06,Italy,ITA,tuscany,,,macOS-14.5-arm64-arm-64bit,3.10.14,2.2.2,8,Apple M2,,,11.2356,43.7891,8.0,machine,N,,,,XGBoost,iris,python
2024-08-23T17:37:25,codecarbon,fb77e161-618b-43c3-b6a5-fd4729400cb8,0.0037372112274169,1.0226371466716133e-08,2.736364322062733e-06,42.5,0.0,3.0,4.24310564994812e-08,0,2.7791659037272134e-09,4.5210222403208426e-08,Italy,ITA,tuscany,,,macOS-14.5-arm64-arm-64bit,3.10.14,2.2.2,8,Apple M2,,,11.2356,43.7891,8.0,machine,N,,,,decisionTree,iris,python
2024-08-23T17:37:26,codecarbon,09fba0b4-855c-4092-ab72-cb0a5246a21e,0.002983808517456,8.212170953088338e-09,2.7522446246282246e-06,42.5,0.0,3.0,3.409402237998115e-08,0,2.211531003316243e-09,3.63055533832974e-08,Italy,ITA,tuscany,,,macOS-14.5-arm64-arm-64bit,3.10.14,2.2.2,8,Apple M2,,,11.2356,43.7891,8.0,machine,N,,,,decisionTree,iris,python
2024-08-23T17:37:27,codecarbon,9b710af4-a923-495a-9ad1-ad6171083ce1,0.0027339458465576,7.544443469047547e-09,2.759543858027383e-06,42.5,0.0,3.0,3.1310319900512695e-08,0,2.04324722290039e-09,3.3353567123413084e-08,Italy,ITA,tuscany,,,macOS-14.5-arm64-arm-64bit,3.10.14,2.2.2,8,Apple M2,,,11.2356,43.7891,8.0,machine,N,,,,decisionTree,iris,python
2024-08-23T17:37:27,codecarbon,cf27dd21-1afe-4990-8367-3a16f73c2131,0.0027430057525634,7.553626435332829e-09,2.7537771031918494e-06,42.5,0.0,3.0,3.1366613176133895e-08,0,2.0275513331095382e-09,3.3394164509243435e-08,Italy,ITA,tuscany,,,macOS-14.5-arm64-arm-64bit,3.10.14,2.2.2,8,Apple M2,,,11.2356,43.7891,8.0,machine,N,,,,decisionTree,iris,python
2024-08-23T17:37:28,codecarbon,01598cea-4ea9-415e-b0f2-fcf87c00975f,0.0029919147491455,8.278983399470646e-09,2.7671187495683586e-06,42.5,0.0,3.0,3.4341712792714437e-08,0,2.259214719136556e-09,3.660092751185099e-08,Italy,ITA,tuscany,,,macOS-14.5-arm64-arm-64bit,3.10.14,2.2.2,8,Apple M2,,,11.2356,43.7891,8.0,machine,N,,,,decisionTree,iris,python
2024-08-23T17:37:29,codecarbon,47abe5b3-62f8-40a7-bef0-cf5e418ce6ce,0.0028457641601562,7.824905940161811e-09,2.7496677517128385e-06,42.5,0.0,3.0,3.248684936099582e-08,0,2.106626828511556e-09,3.459347618950737e-08,Italy,ITA,tuscany,,,macOS-14.5-arm64-arm-64bit,3.10.14,2.2.2,8,Apple M2,,,11.2356,43.7891,8.0,machine,N,,,,decisionTree,iris,python
2024-08-23T17:37:29,codecarbon,98bb8eb1-31c4-42b9-8e82-713f5c83e796,0.0027918815612792,7.657582707007726e-09,2.742803567748363e-06,42.5,0.0,3.0,3.1825403372446695e-08,0,2.028346061706543e-09,3.3853749434153245e-08,Italy,ITA,tuscany,,,macOS-14.5-arm64-arm-64bit,3.10.14,2.2.2,8,Apple M2,,,11.2356,43.7891,8.0,machine,N,,,,decisionTree,iris,python
2024-08-23T17:37:30,codecarbon,426e8715-2a69-4607-9ba1-0ffd3e9b43c3,0.0027639865875244,7.6201018234094e-09,2.756924312803704e-06,42.5,0.0,3.0,3.1639635562896735e-08,0,2.0484129587809247e-09,3.3688048521677665e-08,Italy,ITA,tuscany,,,macOS-14.5-arm64-arm-64bit,3.10.14,2.2.2,8,Apple M2,,,11.2356,43.7891,8.0,machine,N,,,,decisionTree,iris,python
2024-08-23T17:37:31,codecarbon,9e7a7b9a-f096-4631-96b0-d428b1b280cf,0.0025258064270019,6.953775003883575e-09,2.753091024531706e-06,42.5,0.0,3.0,2.88756357298957e-08,0,1.866618792215983e-09,3.0742254522111684e-08,Italy,ITA,tuscany,,,macOS-14.5-arm64-arm-64bit,3.10.14,2.2.2,8,Apple M2,,,11.2356,43.7891,8.0,machine,N,,,,decisionTree,iris,python
2024-08-23T17:37:31,codecarbon,d11a4371-00fc-41df-b262-38084fda7415,0.0031080245971679,8.629269371165171e-09,2.776448223424023e-06,42.5,0.0,3.0,3.5782820648617225e-08,0,2.36670176188151e-09,3.8149522410498736e-08,Italy,ITA,tuscany,,,macOS-14.5-arm64-arm-64bit,3.10.14,2.2.2,8,Apple M2,,,11.2356,43.7891,8.0,machine,N,,,,decisionTree,iris,python
2024-08-23T17:37:32,codecarbon,6a55d02a-0770-4d66-83e0-eb5490364bdb,0.103694200515747,2.961695679261949e-07,2.8561825681005023e-06,42.5,0.0,3.0,1.2231740686628551e-06,0,8.617520332336426e-08,1.3093492719862195e-06,Italy,ITA,tuscany,,,macOS-14.5-arm64-arm-64bit,3.10.14,2.2.2,8,Apple M2,,,11.2356,43.7891,8.0,machine,N,,,,randomForest,iris,python
2024-08-23T17:37:33,codecarbon,8f85cd8d-ef66-44c2-a44a-3112637fd49a,0.0946590900421142,2.703419958770275e-07,2.855953884162114e-06,42.5,0.0,3.0,1.116523643334707e-06,0,7.864336172739666e-08,1.1951670050621033e-06,Italy,ITA,tuscany,,,macOS-14.5-arm64-arm-64bit,3.10.14,2.2.2,8,Apple M2,,,11.2356,43.7891,8.0,machine,N,,,,randomForest,iris,python
2024-08-23T17:37:34,codecarbon,7748865f-a114-4d23-b59d-4a3cb6bba65d,0.0992429256439209,2.834457292372651e-07,2.8560799411965693e-06,42.5,0.0,3.0,1.1706271105342442e-06,0,8.247077465057375e-08,1.253097885184818e-06,Italy,ITA,tuscany,,,macOS-14.5-arm64-arm-64bit,3.10.14,2.2.2,8,Apple M2,,,11.2356,43.7891,8.0,machine,N,,,,randomForest,iris,python
2024-08-23T17:37:34,codecarbon,560bc754-b39d-425e-9201-069073ac5609,0.0960488319396972,2.743068426881897e-07,2.855910240120451e-06,42.5,0.0,3.0,1.1329078012042576e-06,0,7.97875722249349e-08,1.2126953734291923e-06,Italy,ITA,tuscany,,,macOS-14.5-arm64-arm-64bit,3.10.14,2.2.2,8,Apple M2,,,11.2356,43.7891,8.0,machine,N,,,,randomForest,iris,python
2024-08-23T17:37:35,codecarbon,567fc55e-346c-43ee-b056-28174e2b7e31,0.0955510139465332,2.7290106237716154e-07,2.8560770954232557e-06,42.5,0.0,3.0,1.1270898911688063e-06,0,7.93906052907308e-08,1.2064804964595374e-06,Italy,ITA,tuscany,,,macOS-14.5-arm64-arm-64bit,3.10.14,2.2.2,8,Apple M2,,,11.2356,43.7891,8.0,machine,N,,,,randomForest,iris,python
2024-08-23T17:37:35,codecarbon,701856d2-7ab3-44d5-a5d8-a1a02f93cd7a,0.099992036819458,2.8560049804475576e-07,2.8562324273924497e-06,42.5,0.0,3.0,1.1795524093839858e-06,0,8.307158946990968e-08,1.2626239988538954e-06,Italy,ITA,tuscany,,,macOS-14.5-arm64-arm-64bit,3.10.14,2.2.2,8,Apple M2,,,11.2356,43.7891,8.0,machine,N,,,,randomForest,iris,python
2024-08-23T17:37:36,codecarbon,1286369d-5187-45fc-b19f-6d57ce3df583,0.0969748497009277,2.767774276379744e-07,2.8541155618344472e-06,42.5,0.0,3.0,1.1431053280830384e-06,0,8.051236470540366e-08,1.223617692788442e-06,Italy,ITA,tuscany,,,macOS-14.5-arm64-arm-64bit,3.10.14,2.2.2,8,Apple M2,,,11.2356,43.7891,8.0,machine,N,,,,randomForest,iris,python
2024-08-23T17:37:37,codecarbon,bdf9c5d9-65e4-49c6-b646-0259bf7e5ecc,0.0967869758605957,2.7644971708257994e-07,2.8562698092846316e-06,42.5,0.0,3.0,1.141737401485443e-06,0,8.043150107065838e-08,1.2221689025561017e-06,Italy,ITA,tuscany,,,macOS-14.5-arm64-arm-64bit,3.10.14,2.2.2,8,Apple M2,,,11.2356,43.7891,8.0,machine,N,,,,randomForest,iris,python
2024-08-23T17:37:38,codecarbon,f8c97bc3-20ec-436f-a124-3336689908c9,0.094959020614624,2.70984983281427e-07,2.8537044877618957e-06,42.5,0.0,3.0,1.1192144619094e-06,0,7.879515488942464e-08,1.1980096167988249e-06,Italy,ITA,tuscany,,,macOS-14.5-arm64-arm-64bit,3.10.14,2.2.2,8,Apple M2,,,11.2356,43.7891,8.0,machine,N,,,,randomForest,iris,python
2024-08-23T17:37:38,codecarbon,2a36d47c-2e37-4d41-82e1-469be887a4a9,0.0977609157562255,2.792112807226181e-07,2.85606245157168e-06,42.5,0.0,3.0,1.1531452337900798e-06,0,8.123238881429037e-08,1.2343776226043702e-06,Italy,ITA,tuscany,,,macOS-14.5-arm64-arm-64bit,3.10.14,2.2.2,8,Apple M2,,,11.2356,43.7891,8.0,machine,N,,,,randomForest,iris,python
2024-08-23T17:37:39,codecarbon,8d8d62ff-4b64-4a41-bb4e-1ef46482188a,0.0072948932647705,2.0543890989489023e-08,2.8162017241160174e-06,42.5,0.0,3.0,8.500003152423434e-08,0,5.8233737945556654e-09,9.082340531879001e-08,Italy,ITA,tuscany,,,macOS-14.5-arm64-arm-64bit,3.10.14,2.2.2,8,Apple M2,,,11.2356,43.7891,8.0,machine,N,,,,KNN,iris,python
2024-08-23T17:37:40,codecarbon,0c0bcf0e-6668-4a47-a004-e87b066cee38,0.004195213317871,1.1688110946681765e-08,2.7860587915498472e-06,42.5,0.0,3.0,4.8437549008263487e-08,0,3.2349427541097e-09,5.1672491762373184e-08,Italy,ITA,tuscany,,,macOS-14.5-arm64-arm-64bit,3.10.14,2.2.2,8,Apple M2,,,11.2356,43.7891,8.0,machine,N,,,,KNN,iris,python
2024-08-23T17:37:40,codecarbon,19c89524-c2e3-4bf7-ac1d-876dd4f26828,0.0041489601135253,1.1551812058024936e-08,2.784266838422148e-06,42.5,0.0,3.0,4.788306024339465e-08,0,3.186861673990885e-09,5.106992191738552e-08,Italy,ITA,tuscany,,,macOS-14.5-arm64-arm-64bit,3.10.14,2.2.2,8,Apple M2,,,11.2356,43.7891,8.0,machine,N,,,,KNN,iris,python
2024-08-23T17:37:44,codecarbon,6e2bfd96-45dc-4b25-9b57-b1713486cf14,0.0040948390960693,1.140182860215505e-08,2.7844387373119845e-06,42.5,0.0,3.0,4.7269463539123544e-08,0,3.137389818827311e-09,5.0406853357950855e-08,Italy,ITA,tuscany,,,macOS-14.5-arm64-arm-64bit,3.10.14,2.2.2,8,Apple M2,,,11.2356,43.7891,8.0,machine,N,,,,KNN,iris,python
2024-08-23T17:37:46,codecarbon,8ce0d584-9f45-4320-a248-5de406c3894f,0.0041408538818359,1.1557317343685364e-08,2.7910468887545428e-06,42.5,0.0,3.0,4.7908392217424186e-08,0,3.185868263244628e-09,5.1094260480668815e-08,Italy,ITA,tuscany,,,macOS-14.5-arm64-arm-64bit,3.10.14,2.2.2,8,Apple M2,,,11.2356,43.7891,8.0,machine,N,,,,KNN,iris,python
2024-08-23T17:37:47,codecarbon,97842af1-0e73-458d-a1de-2779628f2cd4,0.0041029453277587,1.144121199263467e-08,2.7885363022578633e-06,42.5,0.0,3.0,4.741019672817655e-08,0,3.17076841990153e-09,5.058096514807808e-08,Italy,ITA,tuscany,,,macOS-14.5-arm64-arm-64bit,3.10.14,2.2.2,8,Apple M2,,,11.2356,43.7891,8.0,machine,N,,,,KNN,iris,python
2024-08-23T17:37:47,codecarbon,cac83954-800e-458a-8180-12b637ab6ecc,0.0042400360107421,1.179469627314144e-08,2.7817443633165897e-06,42.5,0.0,3.0,4.8887895213233104e-08,0,3.255804379781087e-09,5.214369959301419e-08,Italy,ITA,tuscany,,,macOS-14.5-arm64-arm-64bit,3.10.14,2.2.2,8,Apple M2,,,11.2356,43.7891,8.0,machine,N,,,,KNN,iris,python
2024-08-23T17:37:48,codecarbon,3c673bc9-633f-464b-bd3b-6466bacf5653,0.004023790359497,1.1220596096250746e-08,2.7885637902997506e-06,42.5,0.0,3.0,4.649824566311306e-08,0,3.107388814290364e-09,4.960563447740344e-08,Italy,ITA,tuscany,,,macOS-14.5-arm64-arm-64bit,3.10.14,2.2.2,8,Apple M2,,,11.2356,43.7891,8.0,machine,N,,,,KNN,iris,python
2024-08-23T17:37:49,codecarbon,60615d93-5e1e-4fd9-9824-8cd992253305,0.0035531520843505,9.896031856536868e-09,2.7851416493323495e-06,42.5,0.0,3.0,4.1004021962483734e-08,0,2.745787302652995e-09,4.374980926513673e-08,Italy,ITA,tuscany,,,macOS-14.5-arm64-arm-64bit,3.10.14,2.2.2,8,Apple M2,,,11.2356,43.7891,8.0,machine,N,,,,KNN,iris,python
2024-08-23T17:37:49,codecarbon,bfd28332-d6e0-4bfc-a761-a58d5eed4602,0.0056190490722656,1.5546042863263027e-08,2.766667929631516e-06,42.5,0.0,3.0,6.436573134528267e-08,0,4.36246395111084e-09,6.872819529639354e-08,Italy,ITA,tuscany,,,macOS-14.5-arm64-arm-64bit,3.10.14,2.2.2,8,Apple M2,,,11.2356,43.7891,8.0,machine,N,,,,KNN,iris,python
2024-08-23T17:37:50,codecarbon,ee96f570-e715-4799-b3bd-445d8da6352b,0.0033669471740722,9.315692355897693e-09,2.766806805771924e-06,42.5,0.0,3.0,3.865096304151747e-08,0,2.533197402954101e-09,4.118416044447157e-08,Italy,ITA,tuscany,,,macOS-14.5-arm64-arm-64bit,3.10.14,2.2.2,8,Apple M2,,,11.2356,43.7891,8.0,machine,N,,,,SVC,iris,python
2024-08-23T17:37:51,codecarbon,49c9b620-c1b7-481d-bb09-3ab698c62eb3,0.0034677982330322,9.511306016180252e-09,2.742750695695352e-06,42.5,0.0,3.0,3.94390689002143e-08,0,2.6098887125651043e-09,4.2048957612779406e-08,Italy,ITA,tuscany,,,macOS-14.5-arm64-arm-64bit,3.10.14,2.2.2,8,Apple M2,,,11.2356,43.7891,8.0,machine,N,,,,SVC,iris,python
2024-08-23T17:37:51,codecarbon,daf3e1b3-678a-40d3-b209-f8a0cb64ba40,0.0060911178588867,1.6972159025404188e-08,2.7863783657777083e-06,42.5,0.0,3.0,7.04454051123725e-08,0,4.587570826212565e-09,7.503297593858508e-08,Italy,ITA,tuscany,,,macOS-14.5-arm64-arm-64bit,3.10.14,2.2.2,8,Apple M2,,,11.2356,43.7891,8.0,machine,N,,,,SVC,iris,python
2024-08-23T17:37:52,codecarbon,eac737b9-ed4b-453f-a560-0cf77d169944,0.0056860446929931,1.5733904182513557e-08,2.7671087780759505e-06,42.5,0.0,3.0,6.521294514338177e-08,0,4.3457746505737314e-09,6.95587197939555e-08,Italy,ITA,tuscany,,,macOS-14.5-arm64-arm-64bit,3.10.14,2.2.2,8,Apple M2,,,11.2356,43.7891,8.0,machine,N,,,,SVC,iris,python
2024-08-23T17:37:53,codecarbon,0572d11b-e794-4dcd-8625-5aca738eb9b8,0.0037438869476318,1.0392646074030136e-08,2.7758974080678146e-06,42.5,0.0,3.0,4.3103761143154577e-08,0,2.8415520985921227e-09,4.594531324174669e-08,Italy,ITA,tuscany,,,macOS-14.5-arm64-arm-64bit,3.10.14,2.2.2,8,Apple M2,,,11.2356,43.7891,8.0,machine,N,,,,SVC,iris,python
2024-08-23T17:37:53,codecarbon,0600711a-92fc-4321-ade5-fe099eedded2,0.0030601024627685,8.426712309784361e-09,2.753735344587283e-06,42.5,0.0,3.0,3.493560685051812e-08,0,2.318421999613444e-09,3.7254028850131565e-08,Italy,ITA,tuscany,,,macOS-14.5-arm64-arm-64bit,3.10.14,2.2.2,8,Apple M2,,,11.2356,43.7891,8.0,machine,N,,,,SVC,iris,python
2024-08-23T17:37:54,codecarbon,793e5686-834d-42fd-82b7-94ca00b2e579,0.0032858848571777,9.135276280111737e-09,2.7801571501072253e-06,42.5,0.0,3.0,3.788255982928806e-08,0,2.50399112701416e-09,4.038655095630222e-08,Italy,ITA,tuscany,,,macOS-14.5-arm64-arm-64bit,3.10.14,2.2.2,8,Apple M2,,,11.2356,43.7891,8.0,machine,N,,,,SVC,iris,python
2024-08-23T17:37:55,codecarbon,962c8146-74ff-4830-b75d-8dad5762bfc1,0.0038158893585205,1.0460357342561088e-08,2.741263270436322e-06,42.5,0.0,3.0,4.365543524424235e-08,0,2.5892257690429687e-09,4.624466101328533e-08,Italy,ITA,tuscany,,,macOS-14.5-arm64-arm-64bit,3.10.14,2.2.2,8,Apple M2,,,11.2356,43.7891,8.0,machine,N,,,,SVC,iris,python
2024-08-23T17:37:55,codecarbon,143548f1-db9a-4488-a576-254e9822c932,0.0029959678649902,8.305064222150381e-09,2.7720805417175095e-06,42.5,0.0,3.0,3.444867001639472e-08,0,2.26755936940511e-09,3.671622938579983e-08,Italy,ITA,tuscany,,,macOS-14.5-arm64-arm-64bit,3.10.14,2.2.2,8,Apple M2,,,11.2356,43.7891,8.0,machine,N,,,,SVC,iris,python
2024-08-23T17:37:56,codecarbon,6ca26946-9974-4bca-b1b9-567db0033978,0.0031149387359619,8.660578342676162e-09,2.780336654037505e-06,42.5,0.0,3.0,3.5912295182545985e-08,0,2.375642458597819e-09,3.82879376411438e-08,Italy,ITA,tuscany,,,macOS-14.5-arm64-arm-64bit,3.10.14,2.2.2,8,Apple M2,,,11.2356,43.7891,8.0,machine,N,,,,SVC,iris,python
2024-08-23T17:37:57,codecarbon,3a3537a3-5b88-4b87-a0a6-9099cad9114b,0.0261359214782714,7.436584062192176e-08,2.845349863931409e-06,42.5,0.0,3.0,3.072740303145515e-07,0,2.1493236223856612e-08,3.287672665384081e-07,Italy,ITA,tuscany,,,macOS-14.5-arm64-arm-64bit,3.10.14,2.2.2,8,Apple M2,,,11.2356,43.7891,8.0,machine,N,,,,GMM,iris,python
2024-08-23T17:37:57,codecarbon,ee5cb56b-adac-4326-ae6f-c5e100088190,0.029412031173706,8.347221976995469e-08,2.838029759895593e-06,42.5,0.0,3.0,3.448526064554851e-07,0,2.4173458417256673e-08,3.690260648727417e-07,Italy,ITA,tuscany,,,macOS-14.5-arm64-arm-64bit,3.10.14,2.2.2,8,Apple M2,,,11.2356,43.7891,8.0,machine,N,,,,GMM,iris,python
2024-08-23T17:37:58,codecarbon,fdcbaae8-2f68-407e-9895-860edaf26c08,0.0354371070861816,1.0107893225193025e-07,2.852347173997874e-06,42.5,0.0,3.0,4.1753848393758137e-07,0,2.9325882593790692e-08,4.468643665313721e-07,Italy,ITA,tuscany,,,macOS-14.5-arm64-arm-64bit,3.10.14,2.2.2,8,Apple M2,,,11.2356,43.7891,8.0,machine,N,,,,GMM,iris,python
2024-08-23T17:37:59,codecarbon,3a3d6bcf-3df3-4cc3-88d0-a08e6a227a5d,0.0238580703735351,6.785532725082504e-08,2.844124700298242e-06,42.5,0.0,3.0,2.803939912054274e-07,0,1.9590655962626143e-08,2.999846471680536e-07,Italy,ITA,tuscany,,,macOS-14.5-arm64-arm-64bit,3.10.14,2.2.2,8,Apple M2,,,11.2356,43.7891,8.0,machine,N,,,,GMM,iris,python
2024-08-23T17:38:00,codecarbon,665a9c1b-0404-4fc6-a548-1e7ec7976a85,0.0323872566223144,9.235676212151846e-08,2.8516389393069404e-06,42.5,0.0,3.0,3.815333048502605e-07,0,2.6770830154418948e-08,4.083041350046794e-07,Italy,ITA,tuscany,,,macOS-14.5-arm64-arm-64bit,3.10.14,2.2.2,8,Apple M2,,,11.2356,43.7891,8.0,machine,N,,,,GMM,iris,python
2024-08-23T17:38:00,codecarbon,3a35cef6-7ea7-459c-8ddc-8ed07701d35f,0.014233112335205,4.0163261007070555e-08,2.821818591828873e-06,42.5,0.0,3.0,1.6606797774632774e-07,0,1.1491576830546062e-08,1.775595545768738e-07,Italy,ITA,tuscany,,,macOS-14.5-arm64-arm-64bit,3.10.14,2.2.2,8,Apple M2,,,11.2356,43.7891,8.0,machine,N,,,,GMM,iris,python
2024-08-23T17:38:01,codecarbon,cd52ad9c-5137-4c47-8a73-00d875ad07ff,0.033729076385498,9.601545512848432e-08,2.846667190974922e-06,42.5,0.0,3.0,3.96679010656145e-07,0,2.780000368754069e-08,4.244790143436857e-07,Italy,ITA,tuscany,,,macOS-14.5-arm64-arm-64bit,3.10.14,2.2.2,8,Apple M2,,,11.2356,43.7891,8.0,machine,N,,,,GMM,iris,python
2024-08-23T17:38:02,codecarbon,cf2f4878-f85f-4c21-9c4e-a8a89a0eed65,0.0372021198272705,1.0587674001879162e-07,2.8459867478083903e-06,42.5,0.0,3.0,4.373593462838067e-07,0,3.0715862909952795e-08,4.680752091937595e-07,Italy,ITA,tuscany,,,macOS-14.5-arm64-arm-64bit,3.10.14,2.2.2,8,Apple M2,,,11.2356,43.7891,8.0,machine,N,,,,GMM,iris,python
2024-08-23T17:38:02,codecarbon,ad2cd37e-4bb7-4608-8389-87e092d1fe6c,0.0176270008087158,5.01188623015086e-08,2.843300618487911e-06,42.5,0.0,3.0,2.0711421966552738e-07,0,1.4458497365315757e-08,2.2157271703084314e-07,Italy,ITA,tuscany,,,macOS-14.5-arm64-arm-64bit,3.10.14,2.2.2,8,Apple M2,,,11.2356,43.7891,8.0,machine,N,,,,GMM,iris,python
2024-08-23T17:38:03,codecarbon,8cb88993-10ad-4efa-b3f8-8d45c8366439,0.0370881557464599,1.0569842119468585e-07,2.849923892610235e-06,42.5,0.0,3.0,4.366866416401334e-07,0,3.060022989908854e-08,4.672868715392219e-07,Italy,ITA,tuscany,,,macOS-14.5-arm64-arm-64bit,3.10.14,2.2.2,8,Apple M2,,,11.2356,43.7891,8.0,machine,N,,,,GMM,iris,python
2024-08-23T17:38:04,codecarbon,b4d47c7d-1e02-47fa-a8cb-eb9209faef1f,0.2187519073486328,6.250809272407162e-07,2.85748789492611e-06,42.5,0.0,3.0,2.581449184152815e-06,0,1.819990078608195e-07,2.763448192013635e-06,Italy,ITA,tuscany,,,macOS-14.5-arm64-arm-64bit,3.10.14,2.2.2,8,Apple M2,,,11.2356,43.7891,8.0,machine,N,,,,logisticRegression,wine,python
2024-08-23T17:38:05,codecarbon,607c5842-fb5e-4668-88c9-7b2b838a45af,0.2298550605773925,6.565230892137688e-07,2.8562481398695e-06,42.5,0.0,3.0,2.711238960425059e-06,0,1.912132898966472e-07,2.9024522503217065e-06,Italy,ITA,tuscany,,,macOS-14.5-arm64-arm-64bit,3.10.14,2.2.2,8,Apple M2,,,11.2356,43.7891,8.0,machine,N,,,,logisticRegression,wine,python
2024-08-23T17:38:06,codecarbon,4765a092-119c-4958-86d5-3f8524cf643d,0.2123119831085205,6.065790852710936e-07,2.8570176604730247e-06,42.5,0.0,3.0,2.505067653126187e-06,0,1.7658491929372153e-07,2.6816525724199085e-06,Italy,ITA,tuscany,,,macOS-14.5-arm64-arm-64bit,3.10.14,2.2.2,8,Apple M2,,,11.2356,43.7891,8.0,machine,N,,,,logisticRegression,wine,python
2024-08-23T17:38:10,codecarbon,b5bb7cec-58e8-4469-b102-7bb4b2f416bb,0.1189048290252685,3.393632078074085e-07,2.8540742254907924e-06,42.5,0.0,3.0,1.401637825700972e-06,0,9.866813818613688e-08,1.5003059638871088e-06,Italy,ITA,tuscany,,,macOS-14.5-arm64-arm-64bit,3.10.14,2.2.2,8,Apple M2,,,11.2356,43.7891,8.0,machine,N,,,,logisticRegression,wine,python
2024-08-23T17:38:11,codecarbon,321bb5d5-a3ba-4f33-9711-017afa961cc8,0.1750788688659668,5.001763395505483e-07,2.8568629828963695e-06,42.5,0.0,3.0,2.065676119592455e-06,0,1.455758015314738e-07,2.211251921123929e-06,Italy,ITA,tuscany,,,macOS-14.5-arm64-arm-64bit,3.10.14,2.2.2,8,Apple M2,,,11.2356,43.7891,8.0,machine,N,,,,logisticRegression,wine,python
2024-08-23T17:38:12,codecarbon,e4fce92c-291e-4934-91fa-b9edc8921028,0.2839629650115967,8.115401663313973e-07,2.857908482179199e-06,42.5,0.0,3.0,3.351397646798028e-06,0,2.363765239715577e-07,3.587774170769586e-06,Italy,ITA,tuscany,,,macOS-14.5-arm64-arm-64bit,3.10.14,2.2.2,8,Apple M2,,,11.2356,43.7891,8.0,machine,N,,,,logisticRegression,wine,python
2024-08-23T17:38:13,codecarbon,c2af98b4-b483-409e-a022-6c6753c3b7ae,0.2743170261383056,7.838831466612552e-07,2.857581090376926e-06,42.5,0.0,3.0,3.2371532585885792e-06,0,2.283507585525513e-07,3.4655040171411307e-06,Italy,ITA,tuscany,,,macOS-14.5-arm64-arm-64bit,3.10.14,2.2.2,8,Apple M2,,,11.2356,43.7891,8.0,machine,N,,,,logisticRegression,wine,python
2024-08-23T17:38:14,codecarbon,017fe511-e117-4ee1-afa3-ad87224bbaab,0.2410402297973632,6.888744022999871e-07,2.8579229404116783e-06,42.5,0.0,3.0,2.844808830155267e-06,0,2.0066678524017338e-07,3.0454756153954404e-06,Italy,ITA,tuscany,,,macOS-14.5-arm64-arm-64bit,3.10.14,2.2.2,8,Apple M2,,,11.2356,43.7891,8.0,machine,N,,,,logisticRegression,wine,python
2024-08-23T17:38:15,codecarbon,17c7a5f4-7c80-4c45-81cd-f6a0a2227fc4,0.2119340896606445,6.053196781469716e-07,2.856169477577809e-06,42.5,0.0,3.0,2.499874598450131e-06,0,1.762102047602336e-07,2.676084803210365e-06,Italy,ITA,tuscany,,,macOS-14.5-arm64-arm-64bit,3.10.14,2.2.2,8,Apple M2,,,11.2356,43.7891,8.0,machine,N,,,,logisticRegression,wine,python
2024-08-23T17:38:16,codecarbon,afcc6357-275d-4b94-8991-5c28f76ffdf0,0.275209903717041,7.863526305539079e-07,2.8572831861545284e-06,42.5,0.0,3.0,3.247409893406762e-06,0,2.290115753809611e-07,3.476421468787723e-06,Italy,ITA,tuscany,,,macOS-14.5-arm64-arm-64bit,3.10.14,2.2.2,8,Apple M2,,,11.2356,43.7891,8.0,machine,N,,,,logisticRegression,wine,python
2024-08-23T17:38:18,codecarbon,9dbbdefb-1ec5-46d2-9952-09d8005ef4c7,1.600511074066162,4.575157199289402e-06,2.8585601645767015e-06,42.5,0.0,3.0,1.889333774646123e-05,0,1.3331790765126547e-06,2.022651682297389e-05,Italy,ITA,tuscany,,,macOS-14.5-arm64-arm-64bit,3.10.14,2.2.2,8,Apple M2,,,11.2356,43.7891,8.0,machine,N,,,,XGBoost,wine,python
2024-08-23T17:38:20,codecarbon,102cc139-2f2a-4199-81f7-12f1bfd3b74f,1.3352279663085938,3.816643157969846e-06,2.858420624997421e-06,42.5,0.0,3.0,1.5760935015148587e-05,0,1.1122332016626997e-06,1.6873168216811285e-05,Italy,ITA,tuscany,,,macOS-14.5-arm64-arm-64bit,3.10.14,2.2.2,8,Apple M2,,,11.2356,43.7891,8.0,machine,N,,,,XGBoost,wine,python
2024-08-23T17:38:23,codecarbon,306790a5-be13-4e8e-b5ba-c964b8e61a34,2.265517234802246,6.4761423597013955e-06,2.858571217299386e-06,42.5,0.0,3.0,2.6743800938129423e-05,0,1.886866092681885e-06,2.863066703081131e-05,Italy,ITA,tuscany,,,macOS-14.5-arm64-arm-64bit,3.10.14,2.2.2,8,Apple M2,,,11.2356,43.7891,8.0,machine,N,,,,XGBoost,wine,python
2024-08-23T17:38:25,codecarbon,c7dd984c-165a-4bee-8014-5925dce4111e,1.2579107284545898,3.5957310247861017e-06,2.8584946001721825e-06,42.5,0.0,3.0,1.484868559572432e-05,0,1.047842303911845e-06,1.5896527899636163e-05,Italy,ITA,tuscany,,,macOS-14.5-arm64-arm-64bit,3.10.14,2.2.2,8,Apple M2,,,11.2356,43.7891,8.0,machine,N,,,,XGBoost,wine,python
2024-08-23T17:38:27,codecarbon,eb3e32c7-ec32-41a8-a9a6-68945d0b3688,1.3219890594482422,3.778829425549507e-06,2.8584422832717504e-06,42.5,0.0,3.0,1.560498575369517e-05,0,1.101010044415792e-06,1.6705995798110962e-05,Italy,ITA,tuscany,,,macOS-14.5-arm64-arm-64bit,3.10.14,2.2.2,8,Apple M2,,,11.2356,43.7891,8.0,machine,N,,,,XGBoost,wine,python
2024-08-23T17:38:29,codecarbon,62788b9b-e69e-476c-99f9-a1b2392e5f38,1.236217021942139,3.5336825080658333e-06,2.8584645295648e-06,42.5,0.0,3.0,1.4592599040932126e-05,0,1.0296157995859783e-06,1.5622214840518104e-05,Italy,ITA,tuscany,,,macOS-14.5-arm64-arm-64bit,3.10.14,2.2.2,8,Apple M2,,,11.2356,43.7891,8.0,machine,N,,,,XGBoost,wine,python
2024-08-23T17:38:31,codecarbon,13110a6d-ed4d-4f83-8b08-5aecb019deef,1.2228820323944092,3.495638797018396e-06,2.8585249471479417e-06,42.5,0.0,3.0,1.4435360663466984e-05,0,1.018665035565694e-06,1.545402569903268e-05,Italy,ITA,tuscany,,,macOS-14.5-arm64-arm-64bit,3.10.14,2.2.2,8,Apple M2,,,11.2356,43.7891,8.0,machine,N,,,,XGBoost,wine,python
2024-08-23T17:38:36,codecarbon,84397092-060e-457f-a91f-04ce9121a86f,0.894010066986084,2.5555715425617167e-06,2.8585489547977273e-06,42.5,0.0,3.0,1.0553269419405196e-05,0,7.447709639867147e-07,1.129804038339191e-05,Italy,ITA,tuscany,,,macOS-14.5-arm64-arm-64bit,3.10.14,2.2.2,8,Apple M2,,,11.2356,43.7891,8.0,machine,N,,,,XGBoost,wine,python
2024-08-23T17:38:39,codecarbon,fd677c47-3bb1-4338-8551-a95975aefbf0,1.3947131633758545,3.986847033718295e-06,2.8585426297033514e-06,42.5,0.0,3.0,1.6463945143752628e-05,0,1.1616849899291993e-06,1.7625630133681828e-05,Italy,ITA,tuscany,,,macOS-14.5-arm64-arm-64bit,3.10.14,2.2.2,8,Apple M2,,,11.2356,43.7891,8.0,machine,N,,,,XGBoost,wine,python
2024-08-23T17:38:41,codecarbon,eb51be25-90d8-4380-9447-25ce7be7820f,1.2570271492004397,3.5928217397259347e-06,2.8581894527983983e-06,42.5,0.0,3.0,1.4836703572008344e-05,0,1.0469625393549602e-06,1.5883666111363306e-05,Italy,ITA,tuscany,,,macOS-14.5-arm64-arm-64bit,3.10.14,2.2.2,8,Apple M2,,,11.2356,43.7891,8.0,machine,N,,,,XGBoost,wine,python
2024-08-23T17:38:41,codecarbon,114da620-584d-4730-b4ff-c36bc1d11ce0,0.0769648551940918,2.197750108129449e-07,2.855524255307322e-06,42.5,0.0,3.0,9.077149960729812e-07,0,6.389816602071128e-08,9.716131620936925e-07,Italy,ITA,tuscany,,,macOS-14.5-arm64-arm-64bit,3.10.14,2.2.2,8,Apple M2,,,11.2356,43.7891,8.0,machine,N,,,,decisionTree,wine,python
2024-08-23T17:38:42,codecarbon,49a38a71-1963-46a7-8f0e-1aaccbdf6811,0.0734200477600097,2.096389410114289e-07,2.855336483799108e-06,42.5,0.0,3.0,8.65846872329712e-07,0,6.095528602600097e-08,9.26802158355713e-07,Italy,ITA,tuscany,,,macOS-14.5-arm64-arm-64bit,3.10.14,2.2.2,8,Apple M2,,,11.2356,43.7891,8.0,machine,N,,,,decisionTree,wine,python
2024-08-23T17:38:43,codecarbon,70c773bf-81e4-45ca-b911-ef833b4b49d1,0.0738251209259033,2.1077842279036849e-07,2.8551043350395888e-06,42.5,0.0,3.0,8.706261714299521e-07,0,6.121357282002767e-08,9.318397442499796e-07,Italy,ITA,tuscany,,,macOS-14.5-arm64-arm-64bit,3.10.14,2.2.2,8,Apple M2,,,11.2356,43.7891,8.0,machine,N,,,,decisionTree,wine,python
2024-08-23T17:38:43,codecarbon,37095683-311f-4893-a03f-1bf4a664a76b,0.0637447834014892,1.8201008443527754e-07,2.855293793829493e-06,42.5,0.0,3.0,7.517657346195646e-07,0,5.2890777587890634e-08,8.046565122074552e-07,Italy,ITA,tuscany,,,macOS-14.5-arm64-arm-64bit,3.10.14,2.2.2,8,Apple M2,,,11.2356,43.7891,8.0,machine,N,,,,decisionTree,wine,python
2024-08-23T17:38:44,codecarbon,7875acb7-6f91-4b2b-81b0-26a4e3924d04,0.0629069805145263,1.7961449121342765e-07,2.8552394304150617e-06,42.5,0.0,3.0,7.418496741188897e-07,0,5.22160530090332e-08,7.940657271279229e-07,Italy,ITA,tuscany,,,macOS-14.5-arm64-arm-64bit,3.10.14,2.2.2,8,Apple M2,,,11.2356,43.7891,8.0,machine,N,,,,decisionTree,wine,python
2024-08-23T17:38:45,codecarbon,83a35a7f-6d96-4356-92c5-46bd376e7fcf,0.0593299865722656,1.6912588838484557e-07,2.8505971121170807e-06,42.5,0.0,3.0,6.986755463812088e-07,0,4.902064800262451e-08,7.476961943838333e-07,Italy,ITA,tuscany,,,macOS-14.5-arm64-arm-64bit,3.10.14,2.2.2,8,Apple M2,,,11.2356,43.7891,8.0,machine,N,,,,decisionTree,wine,python
2024-08-23T17:38:45,codecarbon,f908a309-d433-48e4-9b40-4cc778c94cd3,0.065997838973999,1.884510739131769e-07,2.855412795976856e-06,42.5,0.0,3.0,7.783417900403341e-07,0,5.4789980252583825e-08,8.331317702929179e-07,Italy,ITA,tuscany,,,macOS-14.5-arm64-arm-64bit,3.10.14,2.2.2,8,Apple M2,,,11.2356,43.7891,8.0,machine,N,,,,decisionTree,wine,python
2024-08-23T17:38:46,codecarbon,6b5d943e-b68e-4533-acc3-1c8721104155,0.0589418411254882,1.680822435175048e-07,2.8516625932952205e-06,42.5,0.0,3.0,6.942255629433526e-07,0,4.885673522949219e-08,7.430822981728448e-07,Italy,ITA,tuscany,,,macOS-14.5-arm64-arm-64bit,3.10.14,2.2.2,8,Apple M2,,,11.2356,43.7891,8.0,machine,N,,,,decisionTree,wine,python
2024-08-23T17:38:46,codecarbon,38844efa-5408-4577-be91-1756fbf9fe29,0.0645802021026611,1.8425913968616065e-07,2.8531830760338844e-06,42.5,0.0,3.0,7.610794570710923e-07,0,5.35200039545695e-08,8.145994610256619e-07,Italy,ITA,tuscany,,,macOS-14.5-arm64-arm-64bit,3.10.14,2.2.2,8,Apple M2,,,11.2356,43.7891,8.0,machine,N,,,,decisionTree,wine,python
2024-08-23T17:38:47,codecarbon,a2bcc0ee-4c49-4193-ab4a-c34919a1d9b6,0.0636177062988281,1.816419268831942e-07,2.855210246499254e-06,42.5,0.0,3.0,7.502289281951057e-07,0,5.279997984568278e-08,8.030289080407885e-07,Italy,ITA,tuscany,,,macOS-14.5-arm64-arm-64bit,3.10.14,2.2.2,8,Apple M2,,,11.2356,43.7891,8.0,machine,N,,,,decisionTree,wine,python
2024-08-23T17:38:49,codecarbon,02df2515-386a-476a-be0c-9756a3c51de9,1.22688627243042,3.507228741606077e-06,2.8586420929287736e-06,42.5,0.0,3.0,1.448308328787486e-05,0,1.0221809148788451e-06,1.5505264202753704e-05,Italy,ITA,tuscany,,,macOS-14.5-arm64-arm-64bit,3.10.14,2.2.2,8,Apple M2,,,11.2356,43.7891,8.0,machine,N,,,,randomForest,wine,python
2024-08-23T17:38:51,codecarbon,ac84e00f-c4ed-4e11-a064-62965744417c,1.2319929599761963,3.521871018798882e-06,2.8586778765902435e-06,42.5,0.0,3.0,1.4543547895219594e-05,0,1.0264490048090616e-06,1.5569996900028655e-05,Italy,ITA,tuscany,,,macOS-14.5-arm64-arm-64bit,3.10.14,2.2.2,8,Apple M2,,,11.2356,43.7891,8.0,machine,N,,,,randomForest,wine,python
2024-08-23T17:38:53,codecarbon,355a76ca-45ef-41bc-b8c2-439785903427,1.7925360202789309,5.124253589610524e-06,2.858661433655964e-06,42.5,0.0,3.0,2.1160738004578487e-05,0,1.4933035771052044e-06,2.265404158168369e-05,Italy,ITA,tuscany,,,macOS-14.5-arm64-arm-64bit,3.10.14,2.2.2,8,Apple M2,,,11.2356,43.7891,8.0,machine,N,,,,randomForest,wine,python
2024-08-23T17:38:55,codecarbon,731653b6-a903-487b-8cd6-d92690db3a2f,1.381394863128662,3.948851274832487e-06,2.8585970458069486e-06,42.5,0.0,3.0,1.6306858758131666e-05,0,1.150794227917989e-06,1.7457652986049654e-05,Italy,ITA,tuscany,,,macOS-14.5-arm64-arm-64bit,3.10.14,2.2.2,8,Apple M2,,,11.2356,43.7891,8.0,machine,N,,,,randomForest,wine,python
2024-08-23T17:38:57,codecarbon,045797a4-dd51-45a5-8660-6cd9ce640d96,1.2455689907073977,3.5606753955405297e-06,2.8586737644442408e-06,42.5,0.0,3.0,1.4703806406921814e-05,0,1.037742495536804e-06,1.574154890245862e-05,Italy,ITA,tuscany,,,macOS-14.5-arm64-arm-64bit,3.10.14,2.2.2,8,Apple M2,,,11.2356,43.7891,8.0,machine,N,,,,randomForest,wine,python
2024-08-23T17:39:02,codecarbon,1c4e7cca-4435-4f8e-990a-3de42c9c977e,1.1369361877441406,3.249956204004685e-06,2.8585212072922994e-06,42.5,0.0,3.0,1.3420685629049936e-05,0,9.471909205118816e-07,1.4367876549561818e-05,Italy,ITA,tuscany,,,macOS-14.5-arm64-arm-64bit,3.10.14,2.2.2,8,Apple M2,,,11.2356,43.7891,8.0,machine,N,,,,randomForest,wine,python
2024-08-23T17:39:04,codecarbon,b9e7730b-1715-4c59-ae7e-e1e52bbf0af7,1.159081220626831,3.313430492338605e-06,2.8586698096503556e-06,42.5,0.0,3.0,1.3682806822988725e-05,0,9.65686043103536e-07,1.464849286609226e-05,Italy,ITA,tuscany,,,macOS-14.5-arm64-arm-64bit,3.10.14,2.2.2,8,Apple M2,,,11.2356,43.7891,8.0,machine,N,,,,randomForest,wine,python
2024-08-23T17:39:06,codecarbon,3cf1f139-7263-4ef6-b10e-d421750ed945,1.2367167472839355,3.5346769723812742e-06,2.858113614248449e-06,42.5,0.0,3.0,1.4596502979596458e-05,0,1.0301083326339722e-06,1.562661131223043e-05,Italy,ITA,tuscany,,,macOS-14.5-arm64-arm-64bit,3.10.14,2.2.2,8,Apple M2,,,11.2356,43.7891,8.0,machine,N,,,,randomForest,wine,python
2024-08-23T17:39:08,codecarbon,2a037d52-4d0c-4131-b313-706631335e1c,1.5578739643096924,4.4532480712329014e-06,2.8585419445058734e-06,42.5,0.0,3.0,1.8390315108829073e-05,0,1.2972482045491537e-06,1.9687563313378223e-05,Italy,ITA,tuscany,,,macOS-14.5-arm64-arm-64bit,3.10.14,2.2.2,8,Apple M2,,,11.2356,43.7891,8.0,machine,N,,,,randomForest,wine,python
2024-08-23T17:39:10,codecarbon,94b9e8f2-de1e-4ec9-b6de-b39e2802683e,1.418169021606445,4.054124792836773e-06,2.8587035332674395e-06,42.5,0.0,3.0,1.6741473807228936e-05,0,1.18158757686615e-06,1.7923061384095087e-05,Italy,ITA,tuscany,,,macOS-14.5-arm64-arm-64bit,3.10.14,2.2.2,8,Apple M2,,,11.2356,43.7891,8.0,machine,N,,,,randomForest,wine,python
2024-08-23T17:39:11,codecarbon,dfcde276-a064-432f-a952-bdc52b9064a4,0.0813279151916503,2.3222309086667173e-07,2.855392153105545e-06,42.5,0.0,3.0,9.591304593616063e-07,0,6.751497586568197e-08,1.0266454352272884e-06,Italy,ITA,tuscany,,,macOS-14.5-arm64-arm-64bit,3.10.14,2.2.2,8,Apple M2,,,11.2356,43.7891,8.0,machine,N,,,,KNN,wine,python
2024-08-23T17:39:12,codecarbon,7f588088-c7c1-4c05-959a-05ee9b0b92d1,0.0780248641967773,2.2281193610840378e-07,2.8556529819324766e-06,42.5,0.0,3.0,9.202909138467576e-07,0,6.47483269373576e-08,9.850392407841153e-07,Italy,ITA,tuscany,,,macOS-14.5-arm64-arm-64bit,3.10.14,2.2.2,8,Apple M2,,,11.2356,43.7891,8.0,machine,N,,,,KNN,wine,python
2024-08-23T17:39:13,codecarbon,e237f867-db03-4cd0-a610-62754d0c075f,0.0754029750823974,2.1535981665439077e-07,2.856118295319964e-06,42.5,0.0,3.0,8.894421988063388e-07,0,6.26516342163086e-08,9.520938330226476e-07,Italy,ITA,tuscany,,,macOS-14.5-arm64-arm-64bit,3.10.14,2.2.2,8,Apple M2,,,11.2356,43.7891,8.0,machine,N,,,,KNN,wine,python
2024-08-23T17:39:13,codecarbon,e06b513b-3f7c-4356-96bf-40c375605714,0.0737903118133544,2.107133780275451e-07,2.8555696926789566e-06,42.5,0.0,3.0,8.702827824486626e-07,0,6.12694025039673e-08,9.3155218495263e-07,Italy,ITA,tuscany,,,macOS-14.5-arm64-arm-64bit,3.10.14,2.2.2,8,Apple M2,,,11.2356,43.7891,8.0,machine,N,,,,KNN,wine,python
2024-08-23T17:39:14,codecarbon,ca652dc7-43da-4190-b2e1-4f5dd6ff66a0,0.0798468589782714,2.280027838204967e-07,2.8555009769707097e-06,42.5,0.0,3.0,9.416936172379388e-07,0,6.629407405853273e-08,1.0079876912964715e-06,Italy,ITA,tuscany,,,macOS-14.5-arm64-arm-64bit,3.10.14,2.2.2,8,Apple M2,,,11.2356,43.7891,8.0,machine,N,,,,KNN,wine,python
2024-08-23T17:39:15,codecarbon,e9646d23-2f7f-4f31-bf9e-26e1192f727a,0.075836181640625,2.1641594765941305e-07,2.853729486077926e-06,42.5,0.0,3.0,8.938218156496684e-07,0,6.294111410776773e-08,9.56762929757436e-07,Italy,ITA,tuscany,,,macOS-14.5-arm64-arm-64bit,3.10.14,2.2.2,8,Apple M2,,,11.2356,43.7891,8.0,machine,N,,,,KNN,wine,python
2024-08-23T17:39:15,codecarbon,032d827c-1674-4914-af19-b3a133e7ea48,0.0774860382080078,2.210295568072797e-07,2.852508166876924e-06,42.5,0.0,3.0,9.129221240679424e-07,0,6.423731644948325e-08,9.771594405174255e-07,Italy,ITA,tuscany,,,macOS-14.5-arm64-arm-64bit,3.10.14,2.2.2,8,Apple M2,,,11.2356,43.7891,8.0,machine,N,,,,KNN,wine,python
2024-08-23T17:39:16,codecarbon,63c4dd54-b928-4121-8a60-bb0d520609fa,0.088918924331665,2.537997060343955e-07,2.85428223454132e-06,42.5,0.0,3.0,1.0482596026526558e-06,0,7.377485434214274e-08,1.1220344569947983e-06,Italy,ITA,tuscany,,,macOS-14.5-arm64-arm-64bit,3.10.14,2.2.2,8,Apple M2,,,11.2356,43.7891,8.0,machine,N,,,,KNN,wine,python
2024-08-23T17:39:17,codecarbon,13a3359f-1e71-4363-bf4c-ac335c33e667,0.0783910751342773,2.2380001878658933e-07,2.854917073190266e-06,42.5,0.0,3.0,9.244481722513836e-07,0,6.495932737986247e-08,9.89407499631246e-07,Italy,ITA,tuscany,,,macOS-14.5-arm64-arm-64bit,3.10.14,2.2.2,8,Apple M2,,,11.2356,43.7891,8.0,machine,N,,,,KNN,wine,python
2024-08-23T17:39:17,codecarbon,13db30bf-a359-4f6c-8b6c-3cc6da0b5526,0.0792829990386962,2.264235907562575e-07,2.8558908404277824e-06,42.5,0.0,3.0,9.351551532745364e-07,0,6.585101286570232e-08,1.0010061661402383e-06,Italy,ITA,tuscany,,,macOS-14.5-arm64-arm-64bit,3.10.14,2.2.2,8,Apple M2,,,11.2356,43.7891,8.0,machine,N,,,,KNN,wine,python
2024-08-23T17:39:25,codecarbon,ac08bc1b-a41a-4ae9-84a0-8c177487af70,6.5928919315338135,1.8847631591008637e-05,2.8587806059523563e-06,42.5,0.0,3.0,7.783113635248609e-05,0,5.493200023969014e-06,8.33243363764551e-05,Italy,ITA,tuscany,,,macOS-14.5-arm64-arm-64bit,3.10.14,2.2.2,8,Apple M2,,,11.2356,43.7891,8.0,machine,N,,,,SVC,wine,python
2024-08-23T17:39:34,codecarbon,6af5d076-4381-4835-8bb2-c7f31aa75ecc,5.777288913726807,1.6516257968308528e-05,2.8588249981866046e-06,42.5,0.0,3.0,6.82032917936643e-05,0,4.814170797665914e-06,7.301746259133021e-05,Italy,ITA,tuscany,,,macOS-14.5-arm64-arm-64bit,3.10.14,2.2.2,8,Apple M2,,,11.2356,43.7891,8.0,machine,N,,,,SVC,wine,python
2024-08-23T17:39:43,codecarbon,72a94c3d-1d64-4476-8f5d-de8909a02080,6.262373924255371,1.790259610461553e-05,2.858755532830027e-06,42.5,0.0,3.0,7.392874856789907e-05,0,5.217638214429219e-06,7.91463867823283e-05,Italy,ITA,tuscany,,,macOS-14.5-arm64-arm-64bit,3.10.14,2.2.2,8,Apple M2,,,11.2356,43.7891,8.0,machine,N,,,,SVC,wine,python
2024-08-23T17:39:49,codecarbon,53956d73-fb84-42d1-ad81-50e56ff1af62,5.794694185256958,1.6566002958047127e-05,2.8588226450663904e-06,42.5,0.0,3.0,6.840869751241473e-05,0,4.8286849260330205e-06,7.323738243844775e-05,Italy,ITA,tuscany,,,macOS-14.5-arm64-arm-64bit,3.10.14,2.2.2,8,Apple M2,,,11.2356,43.7891,8.0,machine,N,,,,SVC,wine,python
2024-08-23T17:39:57,codecarbon,cdd301ba-5738-4ed3-9419-9ed9e927b08e,6.6225810050964355,1.8932548487618104e-05,2.858787000574018e-06,42.5,0.0,3.0,7.818174776103762e-05,0,5.518001516660054e-06,8.369974927769768e-05,Italy,ITA,tuscany,,,macOS-14.5-arm64-arm-64bit,3.10.14,2.2.2,8,Apple M2,,,11.2356,43.7891,8.0,machine,N,,,,SVC,wine,python
2024-08-23T17:40:06,codecarbon,2f1008ac-f0f3-4292-8a5d-7296c3982868,5.637392997741699,1.611631499407358e-05,2.85882410549161e-06,42.5,0.0,3.0,6.655174278550679e-05,0,4.6975940465927125e-06,7.12493368320995e-05,Italy,ITA,tuscany,,,macOS-14.5-arm64-arm-64bit,3.10.14,2.2.2,8,Apple M2,,,11.2356,43.7891,8.0,machine,N,,,,SVC,wine,python
2024-08-23T17:40:14,codecarbon,6291dddc-0219-4f40-afca-394bd945d435,6.217154026031494,1.7773715112759404e-05,2.858818526666717e-06,42.5,0.0,3.0,7.339601433939404e-05,0,5.1805967092514034e-06,7.857661104864544e-05,Italy,ITA,tuscany,,,macOS-14.5-arm64-arm-64bit,3.10.14,2.2.2,8,Apple M2,,,11.2356,43.7891,8.0,machine,N,,,,SVC,wine,python
2024-08-23T17:40:21,codecarbon,9af34c8f-d4fa-4ba8-b4de-5bac63729c36,6.38795804977417,1.8262067199768495e-05,2.858827039481592e-06,42.5,0.0,3.0,7.541252109739516e-05,0,5.323067506154379e-06,8.073558860354955e-05,Italy,ITA,tuscany,,,macOS-14.5-arm64-arm-64bit,3.10.14,2.2.2,8,Apple M2,,,11.2356,43.7891,8.0,machine,N,,,,SVC,wine,python
2024-08-23T17:40:29,codecarbon,6d3a095e-282f-4233-9b35-9fd1ec5a6cdc,7.320017099380493,2.0926355415790215e-05,2.8587850454012263e-06,42.5,0.0,3.0,8.641526417599784e-05,0,6.098995208740235e-06,9.251425938473808e-05,Italy,ITA,tuscany,,,macOS-14.5-arm64-arm-64bit,3.10.14,2.2.2,8,Apple M2,,,11.2356,43.7891,8.0,machine,N,,,,SVC,wine,python
2024-08-23T17:40:41,codecarbon,8f1f9ea6-abea-43af-af54-02f9be350e7c,8.032980918884277,2.2964554435845612e-05,2.858783640561071e-06,42.5,0.0,3.0,9.483200957377752e-05,0,6.693014899889628e-06,0.0001015250244736,Italy,ITA,tuscany,,,macOS-14.5-arm64-arm-64bit,3.10.14,2.2.2,8,Apple M2,,,11.2356,43.7891,8.0,machine,N,,,,SVC,wine,python
2024-08-23T17:40:43,codecarbon,fd033fd8-7def-495d-ae35-12057488cb0c,0.3205101490020752,9.157537408267128e-07,2.8571754862613835e-06,42.5,0.0,3.0,3.781804773542616e-06,0,2.666918436686198e-07,4.048496617211236e-06,Italy,ITA,tuscany,,,macOS-14.5-arm64-arm-64bit,3.10.14,2.2.2,8,Apple M2,,,11.2356,43.7891,8.0,machine,N,,,,GMM,wine,python
2024-08-23T17:40:44,codecarbon,4288b69a-c493-49a2-822e-9a973e5f19f3,0.3257830142974853,9.3055067535056e-07,2.856351112586973e-06,42.5,0.0,3.0,3.842815425660875e-06,0,2.7109762032826744e-07,4.1139130459891425e-06,Italy,ITA,tuscany,,,macOS-14.5-arm64-arm-64bit,3.10.14,2.2.2,8,Apple M2,,,11.2356,43.7891,8.0,machine,N,,,,GMM,wine,python
2024-08-23T17:40:45,codecarbon,ab19bb22-2170-422e-b67c-c33b8573b338,0.4450540542602539,1.2720164004378852e-06,2.8581166450717224e-06,42.5,0.0,3.0,5.253012643920051e-06,0,3.705014785130819e-07,5.6235141224331335e-06,Italy,ITA,tuscany,,,macOS-14.5-arm64-arm-64bit,3.10.14,2.2.2,8,Apple M2,,,11.2356,43.7891,8.0,machine,N,,,,GMM,wine,python
2024-08-23T17:40:46,codecarbon,1e517f5a-5b5f-4f33-ba40-e7f32635a5c0,0.3517351150512695,1.005277100947963e-06,2.8580515789600137e-06,42.5,0.0,3.0,4.151432050598993e-06,0,2.9284238815307617e-07,4.4442744387520685e-06,Italy,ITA,tuscany,,,macOS-14.5-arm64-arm-64bit,3.10.14,2.2.2,8,Apple M2,,,11.2356,43.7891,8.0,machine,N,,,,GMM,wine,python
2024-08-23T17:40:47,codecarbon,136c5989-a444-4eb2-8c2d-606a37e4635c,0.4194350242614746,1.1985877391997974e-06,2.8576243514957424e-06,42.5,0.0,3.0,4.949715733528137e-06,0,3.491743405659994e-07,5.298890074094137e-06,Italy,ITA,tuscany,,,macOS-14.5-arm64-arm-64bit,3.10.14,2.2.2,8,Apple M2,,,11.2356,43.7891,8.0,machine,N,,,,GMM,wine,python
2024-08-23T17:40:48,codecarbon,b37afbe2-4140-4bbd-a2fe-6bb6b87cf6f5,0.2989099025726318,8.541505005988811e-07,2.857551701189732e-06,42.5,0.0,3.0,3.527356353071001e-06,0,2.48795747756958e-07,3.7761521008279593e-06,Italy,ITA,tuscany,,,macOS-14.5-arm64-arm-64bit,3.10.14,2.2.2,8,Apple M2,,,11.2356,43.7891,8.0,machine,N,,,,GMM,wine,python
2024-08-23T17:40:49,codecarbon,e55cd3b7-86aa-490f-8939-1f587019f643,0.4570498466491699,1.3060924258942076e-06,2.8576586021628405e-06,42.5,0.0,3.0,5.393864048851861e-06,0,3.802982966105143e-07,5.774162345462376e-06,Italy,ITA,tuscany,,,macOS-14.5-arm64-arm-64bit,3.10.14,2.2.2,8,Apple M2,,,11.2356,43.7891,8.0,machine,N,,,,GMM,wine,python
2024-08-23T17:40:50,codecarbon,088f8231-78a7-4ea0-9e73-d3f003a2f9e7,0.3563613891601562,1.018515582728651e-06,2.8580974642876053e-06,42.5,0.0,3.0,4.206098450554742e-06,0,2.967025836308797e-07,4.502801034185622e-06,Italy,ITA,tuscany,,,macOS-14.5-arm64-arm-64bit,3.10.14,2.2.2,8,Apple M2,,,11.2356,43.7891,8.0,machine,N,,,,GMM,wine,python
2024-08-23T17:40:51,codecarbon,d6390e96-edec-4d25-a800-22b098d80575,0.3038229942321777,8.679679811371698e-07,2.8568212334642437e-06,42.5,0.0,3.0,3.584935930040148e-06,0,2.523024876912435e-07,3.837238417731391e-06,Italy,ITA,tuscany,,,macOS-14.5-arm64-arm-64bit,3.10.14,2.2.2,8,Apple M2,,,11.2356,43.7891,8.0,machine,N,,,,GMM,wine,python
2024-08-23T17:40:53,codecarbon,848a0f93-d51b-4e35-b111-71c223c18288,0.9237720966339112,2.639450089864334e-06,2.857252453805543e-06,42.5,0.0,3.0,1.0899715125560762e-05,0,7.691476742426555e-07,1.1668862799803415e-05,Italy,ITA,tuscany,,,macOS-14.5-arm64-arm-64bit,3.10.14,2.2.2,8,Apple M2,,,11.2356,43.7891,8.0,machine,N,,,,GMM,wine,python
