timestamp,project_name,run_id,duration,emissions,emissions_rate,cpu_power,gpu_power,ram_power,cpu_energy,gpu_energy,ram_energy,energy_consumed,country_name,country_iso_code,region,cloud_provider,cloud_region,os,python_version,codecarbon_version,cpu_count,cpu_model,gpu_count,gpu_model,longitude,latitude,ram_total_size,tracking_mode,on_cloud,pue
2024-08-23T17:30:14,codecarbon,3fa95740-a141-494b-9e8d-7e1b479564f9,2.7411082917824388,2.014358978035313e-06,7.348702654594694e-07,5.0,0.0,3.0,3.8069730902659808e-06,0,2.283892777437965e-06,6.090865867703946e-06,Italy,ITA,veneto,,,macOS-13.4.1-arm64-arm-64bit,3.11.3,2.6.0,8,Apple M1,,,11.9001,45.4087,8.0,machine,N,1.0
2024-08-23T17:30:19,codecarbon,3a5e33aa-df6b-467a-bfdc-af7c7c2ae7fb,2.5301692918874323,1.8593568105298104e-06,7.348744672902043e-07,5.0,0.0,3.0,3.5140248846599007e-06,0,2.108157187467441e-06,5.6221820721273416e-06,Italy,ITA,veneto,,,macOS-13.4.1-arm64-arm-64bit,3.11.3,2.6.0,8,Apple M1,,,11.9001,45.4087,8.0,machine,N,1.0
2024-08-23T17:30:22,codecarbon,41acf9d7-b731-4382-a62e-a5caaf137f68,2.51350004109554,1.8470990307363168e-06,7.34871295220364e-07,5.0,0.0,3.0,3.4908603582557085e-06,0,2.094257569212156e-06,5.585117927467865e-06,Italy,ITA,veneto,,,macOS-13.4.1-arm64-arm-64bit,3.11.3,2.6.0,8,Apple M1,,,11.9001,45.4087,8.0,machine,N,1.0
2024-08-23T17:30:25,codecarbon,b4215370-3a3f-412d-86d4-dae39ee08228,2.509958916110918,1.844498695359154e-06,7.348720664388928e-07,5.0,0.0,3.0,3.485946063948278e-06,0,2.091309166668604e-06,5.577255230616882e-06,Italy,ITA,veneto,,,macOS-13.4.1-arm64-arm-64bit,3.11.3,2.6.0,8,Apple M1,,,11.9001,45.4087,8.0,machine,N,1.0
2024-08-23T17:30:29,codecarbon,5953da97-17f4-4590-b485-b102821ba872,2.5692359157837927,1.888069593815568e-06,7.348759147482093e-07,5.0,0.0,3.0,3.5682817122303984e-06,0,2.140719895833172e-06,5.7090016080635705e-06,Italy,ITA,veneto,,,macOS-13.4.1-arm64-arm-64bit,3.11.3,2.6.0,8,Apple M1,,,11.9001,45.4087,8.0,machine,N,1.0
2024-08-23T17:30:32,codecarbon,e60ebd54-9bbb-4a4b-8bb5-4da4b2d4cf32,2.523390334099531,1.8543755508298083e-06,7.348746350379995e-07,5.0,0.0,3.0,3.504608623592908e-06,0,2.102511493333926e-06,5.607120116926833e-06,Italy,ITA,veneto,,,macOS-13.4.1-arm64-arm-64bit,3.11.3,2.6.0,8,Apple M1,,,11.9001,45.4087,8.0,machine,N,1.0
2024-08-23T17:30:35,codecarbon,8d2ef9f8-44da-45f3-bc31-5392a568c5cc,2.516273292014376,1.8491506041584805e-06,7.348766964331458e-07,5.0,0.0,3.0,3.494723263752854e-06,0,2.0965980557957665e-06,5.59132131954862e-06,Italy,ITA,veneto,,,macOS-13.4.1-arm64-arm-64bit,3.11.3,2.6.0,8,Apple M1,,,11.9001,45.4087,8.0,machine,N,1.0
2024-08-23T17:30:42,codecarbon,410923e2-9b9c-41c8-907e-65711f63447a,2.5740082080010325,1.8915737348318264e-06,7.348747874820559e-07,5.0,0.0,3.0,3.5749134830742456e-06,0,2.1446836807687456e-06,5.719597163842991e-06,Italy,ITA,veneto,,,macOS-13.4.1-arm64-arm-64bit,3.11.3,2.6.0,8,Apple M1,,,11.9001,45.4087,8.0,machine,N,1.0
2024-08-23T17:30:46,codecarbon,9d19832c-c527-4f41-b599-870f58ef340b,2.525875125080347,1.8561991350406267e-06,7.348736747156421e-07,5.0,0.0,3.0,3.5080614583825485e-06,0,2.104572674143128e-06,5.612634132525676e-06,Italy,ITA,veneto,,,macOS-13.4.1-arm64-arm-64bit,3.11.3,2.6.0,8,Apple M1,,,11.9001,45.4087,8.0,machine,N,1.0
2024-08-23T17:30:49,codecarbon,cd33bd63-9494-47c9-9981-cb18eef4cb80,2.511277500074357,1.8454704212862577e-06,7.348731556873404e-07,5.0,0.0,3.0,3.4877880793323536e-06,0,2.092405382427387e-06,5.5801934617597405e-06,Italy,ITA,veneto,,,macOS-13.4.1-arm64-arm-64bit,3.11.3,2.6.0,8,Apple M1,,,11.9001,45.4087,8.0,machine,N,1.0
2024-08-23T17:30:52,codecarbon,d3888a24-eecf-41b9-8506-744b8397751e,2.066520750056952,1.5186143424112145e-06,7.348652765133678e-07,5.0,0.0,3.0,2.8700737276166264e-06,0,1.7217971182738742e-06,4.5918708458905e-06,Italy,ITA,veneto,,,macOS-13.4.1-arm64-arm-64bit,3.11.3,2.6.0,8,Apple M1,,,11.9001,45.4087,8.0,machine,N,1.0
2024-08-23T17:30:55,codecarbon,8ec7cf7c-17ff-432f-abf9-2cd2880aaf36,2.008726167026907,1.4761264224932144e-06,7.348569689207625e-07,5.0,0.0,3.0,2.789802256868118e-06,0,1.6735968399249638e-06,4.463399096793082e-06,Italy,ITA,veneto,,,macOS-13.4.1-arm64-arm-64bit,3.11.3,2.6.0,8,Apple M1,,,11.9001,45.4087,8.0,machine,N,1.0
2024-08-23T17:30:58,codecarbon,6757f880-56c4-4b27-aec7-07c9fb3e5d2a,2.0268493751063943,1.4894585952674218e-06,7.348639783305241e-07,5.0,0.0,3.0,2.8149767361658936e-06,0,1.6887351732778673e-06,4.503711909443761e-06,Italy,ITA,veneto,,,macOS-13.4.1-arm64-arm-64bit,3.11.3,2.6.0,8,Apple M1,,,11.9001,45.4087,8.0,machine,N,1.0
2024-08-23T17:31:00,codecarbon,f9ab5dfd-a7fa-46be-a054-c36d45afc189,2.022567375097424,1.486316452841027e-06,7.348662255414031e-07,5.0,0.0,3.0,2.8090317707715763e-06,0,1.6851791667674358e-06,4.494210937539012e-06,Italy,ITA,veneto,,,macOS-13.4.1-arm64-arm-64bit,3.11.3,2.6.0,8,Apple M1,,,11.9001,45.4087,8.0,machine,N,1.0
2024-08-23T17:31:03,codecarbon,4f31ee3d-7057-4c00-9376-3776c65220c5,2.0562992920167744,1.5111004525104136e-06,7.348640630169933e-07,5.0,0.0,3.0,2.855876505620674e-06,0,1.713274409994483e-06,4.569150915615157e-06,Italy,ITA,veneto,,,macOS-13.4.1-arm64-arm-64bit,3.11.3,2.6.0,8,Apple M1,,,11.9001,45.4087,8.0,machine,N,1.0
2024-08-23T17:31:09,codecarbon,2c136476-f53f-4751-88dc-57678f80a5e9,2.015613999916241,1.4812009953660296e-06,7.348634190016449e-07,5.0,0.0,3.0,2.7993683444543017e-06,0,1.6793748608324676e-06,4.478743205286769e-06,Italy,ITA,veneto,,,macOS-13.4.1-arm64-arm-64bit,3.11.3,2.6.0,8,Apple M1,,,11.9001,45.4087,8.0,machine,N,1.0
2024-08-23T17:31:13,codecarbon,856c1f81-afe8-4048-9222-6c0a56c63264,2.0069514999631792,1.4748293730037447e-06,7.348604951493859e-07,5.0,0.0,3.0,2.7873382528519464e-06,0,1.672138924089571e-06,4.459477176941517e-06,Italy,ITA,veneto,,,macOS-13.4.1-arm64-arm-64bit,3.11.3,2.6.0,8,Apple M1,,,11.9001,45.4087,8.0,machine,N,1.0
2024-08-23T17:31:16,codecarbon,bed8cde0-a2da-4ba7-a39e-efb95c10446b,2.007290542125702,1.4750752942529065e-06,7.348588872893386e-07,5.0,0.0,3.0,2.787808274863184e-06,0,1.672412500095864e-06,4.460220774959048e-06,Italy,ITA,veneto,,,macOS-13.4.1-arm64-arm-64bit,3.11.3,2.6.0,8,Apple M1,,,11.9001,45.4087,8.0,machine,N,1.0
2024-08-23T17:31:19,codecarbon,766f49a0-e9ea-4436-a7f5-de4822dd389a,2.011153625091538,1.47791387291001e-06,7.348587668645863e-07,5.0,0.0,3.0,2.7931730903219435e-06,0,1.6756307634447393e-06,4.468803853766683e-06,Italy,ITA,veneto,,,macOS-13.4.1-arm64-arm-64bit,3.11.3,2.6.0,8,Apple M1,,,11.9001,45.4087,8.0,machine,N,1.0
2024-08-23T17:31:21,codecarbon,ed735359-00da-48a3-8bb1-d43039446895,2.009717999957502,1.4768689842977024e-06,7.348637890136491e-07,5.0,0.0,3.0,2.791181134590362e-06,0,1.6744632642560949e-06,4.4656443988464565e-06,Italy,ITA,veneto,,,macOS-13.4.1-arm64-arm-64bit,3.11.3,2.6.0,8,Apple M1,,,11.9001,45.4087,8.0,machine,N,1.0
2024-08-23T17:31:24,codecarbon,9692360e-8eff-40ed-8ce4-6be2ffc0312e,1.9538291250355544,1.4357933225712132e-06,7.348612548423782e-07,5.0,0.0,3.0,2.713558970653038e-06,0,1.6278839582810175e-06,4.341442928934056e-06,Italy,ITA,veneto,,,macOS-13.4.1-arm64-arm-64bit,3.11.3,2.6.0,8,Apple M1,,,11.9001,45.4087,8.0,machine,N,1.0
2024-08-23T17:31:27,codecarbon,a5137de6-5950-43db-8bef-9f7ae8951eae,1.9598661670461297,1.4402212578831436e-06,7.34856941815479e-07,5.0,0.0,3.0,2.721942130463301e-06,0,1.6328896533620237e-06,4.354831783825324e-06,Italy,ITA,veneto,,,macOS-13.4.1-arm64-arm-64bit,3.11.3,2.6.0,8,Apple M1,,,11.9001,45.4087,8.0,machine,N,1.0
2024-08-23T17:31:29,codecarbon,4328ecb1-a0b2-408d-a1b9-122fd953a3c6,1.939530333969742,1.4252703849328296e-06,7.348533611308112e-07,5.0,0.0,3.0,2.693692245844027e-06,0,1.6159322225333502e-06,4.309624468377377e-06,Italy,ITA,veneto,,,macOS-13.4.1-arm64-arm-64bit,3.11.3,2.6.0,8,Apple M1,,,11.9001,45.4087,8.0,machine,N,1.0
2024-08-23T17:31:32,codecarbon,7fadf3a2-d37a-42dd-a170-a4f71cf49e36,1.943344082916156,1.4280850934697024e-06,7.34859619572226e-07,5.0,0.0,3.0,2.6989917248202904e-06,0,1.6191436457059657e-06,4.318135370526256e-06,Italy,ITA,veneto,,,macOS-13.4.1-arm64-arm-64bit,3.11.3,2.6.0,8,Apple M1,,,11.9001,45.4087,8.0,machine,N,1.0
2024-08-23T17:31:38,codecarbon,c91e8bee-ff16-4182-b710-09901bae0650,1.9510415000841024,1.4337401224541295e-06,7.348588548179659e-07,5.0,0.0,3.0,2.709681597318397e-06,0,1.6255530208582055e-06,4.335234618176603e-06,Italy,ITA,veneto,,,macOS-13.4.1-arm64-arm-64bit,3.11.3,2.6.0,8,Apple M1,,,11.9001,45.4087,8.0,machine,N,1.0
2024-08-23T17:31:42,codecarbon,644b85e8-60b2-425c-aa27-95829849c2de,1.948884875047952,1.432149816822635e-06,7.348560375006231e-07,5.0,0.0,3.0,2.706689756855162e-06,0,1.6237362157941486e-06,4.330425972649311e-06,Italy,ITA,veneto,,,macOS-13.4.1-arm64-arm-64bit,3.11.3,2.6.0,8,Apple M1,,,11.9001,45.4087,8.0,machine,N,1.0
2024-08-23T17:31:44,codecarbon,403681ed-8a11-4b26-836a-bba9ecf28dbd,1.9904807908460496,1.462720369980728e-06,7.348578176225463e-07,5.0,0.0,3.0,2.7644603581090148e-06,0,1.658402534085326e-06,4.422862892194341e-06,Italy,ITA,veneto,,,macOS-13.4.1-arm64-arm-64bit,3.11.3,2.6.0,8,Apple M1,,,11.9001,45.4087,8.0,machine,N,1.0
2024-08-23T17:31:47,codecarbon,3a8220e2-4471-4b3f-a774-603481b62904,1.946250458015129,1.4302165705476011e-06,7.34857409876321e-07,5.0,0.0,3.0,2.703030265143348e-06,0,1.6215501040763534e-06,4.324580369219701e-06,Italy,ITA,veneto,,,macOS-13.4.1-arm64-arm-64bit,3.11.3,2.6.0,8,Apple M1,,,11.9001,45.4087,8.0,machine,N,1.0
2024-08-23T17:31:50,codecarbon,330ff471-8c0a-43c0-9ea3-e12c732010ff,1.94217212498188,1.4272206794634331e-06,7.348579773673504e-07,5.0,0.0,3.0,2.69736116946054e-06,0,1.6181604515683526e-06,4.315521621028892e-06,Italy,ITA,veneto,,,macOS-13.4.1-arm64-arm-64bit,3.11.3,2.6.0,8,Apple M1,,,11.9001,45.4087,8.0,machine,N,1.0
2024-08-23T17:31:53,codecarbon,b33b0fa9-ca9d-4a64-bb63-0a744290d90a,1.937381291994825,1.423702448516799e-06,7.348591908053801e-07,5.0,0.0,3.0,2.6907103013299e-06,0,1.61417315985697e-06,4.304883461186869e-06,Italy,ITA,veneto,,,macOS-13.4.1-arm64-arm-64bit,3.11.3,2.6.0,8,Apple M1,,,11.9001,45.4087,8.0,machine,N,1.0
2024-08-23T17:31:55,codecarbon,03f32fea-8b56-450a-adb4-7834b60a169e,1.9202422078233208,1.4110936174274928e-06,7.348518909117352e-07,5.0,0.0,3.0,2.666899536011948e-06,0,1.5998582982380563e-06,4.266757834250004e-06,Italy,ITA,veneto,,,macOS-13.4.1-arm64-arm-64bit,3.11.3,2.6.0,8,Apple M1,,,11.9001,45.4087,8.0,machine,N,1.0
2024-08-23T17:31:58,codecarbon,0f1e35e2-3162-4259-831c-d9eb04136e96,1.9176761670969429,1.409219159066701e-06,7.3485773210606e-07,5.0,0.0,3.0,2.663344850103992e-06,0,1.5977451391518115e-06,4.261089989255804e-06,Italy,ITA,veneto,,,macOS-13.4.1-arm64-arm-64bit,3.11.3,2.6.0,8,Apple M1,,,11.9001,45.4087,8.0,machine,N,1.0
2024-08-23T17:32:01,codecarbon,ca5ea6ff-5c79-44bf-b704-36314bf62535,1.9248700409661976,1.41449008001819e-06,7.348496521397257e-07,5.0,0.0,3.0,2.673337383506199e-06,0,1.603690416668542e-06,4.277027800174741e-06,Italy,ITA,veneto,,,macOS-13.4.1-arm64-arm-64bit,3.11.3,2.6.0,8,Apple M1,,,11.9001,45.4087,8.0,machine,N,1.0
2024-08-23T17:32:06,codecarbon,9c9737ed-94d4-4ccf-a3d3-170996ce4fcb,1.931545374915004,1.419406337073032e-06,7.348552902286812e-07,5.0,0.0,3.0,2.682607927838237e-06,0,1.6092852774697046e-06,4.2918932053079415e-06,Italy,ITA,veneto,,,macOS-13.4.1-arm64-arm-64bit,3.11.3,2.6.0,8,Apple M1,,,11.9001,45.4087,8.0,machine,N,1.0
2024-08-23T17:32:11,codecarbon,d644988c-fed0-4da5-af7f-a2e6a900ea5e,1.9209760420490056,1.411639651205583e-06,7.348554174053416e-07,5.0,0.0,3.0,2.6679241321592907e-06,0,1.6004847576065612e-06,4.268408889765852e-06,Italy,ITA,veneto,,,macOS-13.4.1-arm64-arm-64bit,3.11.3,2.6.0,8,Apple M1,,,11.9001,45.4087,8.0,machine,N,1.0
2024-08-23T17:32:14,codecarbon,505fe941-62e0-412d-ad99-96d68e39bcde,1.9144517919048667,1.406850429309002e-06,7.348581119972706e-07,5.0,0.0,3.0,2.658868749858812e-06,0,1.5950588540484507e-06,4.253927603907262e-06,Italy,ITA,veneto,,,macOS-13.4.1-arm64-arm-64bit,3.11.3,2.6.0,8,Apple M1,,,11.9001,45.4087,8.0,machine,N,1.0
2024-08-23T17:32:17,codecarbon,686da045-2d7f-45ad-87bf-7da20ae3ebdc,1.913348417030648,1.406031890871525e-06,7.348540800810162e-07,5.0,0.0,3.0,2.6573342012448444e-06,0,1.5941183682298289e-06,4.251452569474673e-06,Italy,ITA,veneto,,,macOS-13.4.1-arm64-arm-64bit,3.11.3,2.6.0,8,Apple M1,,,11.9001,45.4087,8.0,machine,N,1.0
2024-08-23T17:32:19,codecarbon,ebb00960-d292-4549-987b-fc41889a0214,1.9185093331616367,1.409833876964156e-06,7.348590140246013e-07,5.0,0.0,3.0,2.66450341409331e-06,0,1.5984453125080714e-06,4.262948726601382e-06,Italy,ITA,veneto,,,macOS-13.4.1-arm64-arm-64bit,3.11.3,2.6.0,8,Apple M1,,,11.9001,45.4087,8.0,machine,N,1.0
2024-08-23T17:32:22,codecarbon,16c22f2c-e76b-4ac5-a546-fdb6a0c42c44,1.9159917500801384,1.4079782853939995e-06,7.348561314708737e-07,5.0,0.0,3.0,2.6610039362114752e-06,0,1.5963339933659884e-06,4.257337929577464e-06,Italy,ITA,veneto,,,macOS-13.4.1-arm64-arm-64bit,3.11.3,2.6.0,8,Apple M1,,,11.9001,45.4087,8.0,machine,N,1.0
2024-08-23T17:32:25,codecarbon,5b9214f4-d9de-4961-9cdc-24350cbe45c1,1.9340194170363247,1.4212181935603888e-06,7.348520811328004e-07,5.0,0.0,3.0,2.6860389470433195e-06,0,1.611332812462933e-06,4.297371759506252e-06,Italy,ITA,veneto,,,macOS-13.4.1-arm64-arm-64bit,3.11.3,2.6.0,8,Apple M1,,,11.9001,45.4087,8.0,machine,N,1.0
2024-08-23T17:32:27,codecarbon,972e2438-ea9c-4667-a18d-9ab674f81f84,1.9457439160905776,1.4297001337319635e-06,7.347832990296801e-07,5.0,0.0,3.0,2.7022295709078512e-06,0,1.620789235845829e-06,4.32301880675368e-06,Italy,ITA,veneto,,,macOS-13.4.1-arm64-arm-64bit,3.11.3,2.6.0,8,Apple M1,,,11.9001,45.4087,8.0,machine,N,1.0
2024-08-23T17:32:30,codecarbon,4bbc9f81-24b4-450f-9ff8-1c967bba260c,1.8320218331646168,1.3462600211879003e-06,7.348493324789603e-07,5.0,0.0,3.0,2.544377430846604e-06,0,1.5263414933967095e-06,4.070718924243314e-06,Italy,ITA,veneto,,,macOS-13.4.1-arm64-arm-64bit,3.11.3,2.6.0,8,Apple M1,,,11.9001,45.4087,8.0,machine,N,1.0
2024-08-23T17:32:36,codecarbon,a4e876b9-8594-4631-97ff-8cbbe3fec3d3,1.8469738338608293,1.357257102878744e-06,7.348545377286672e-07,5.0,0.0,3.0,2.565145891599564e-06,0,1.538825174017499e-06,4.103971065617063e-06,Italy,ITA,veneto,,,macOS-13.4.1-arm64-arm-64bit,3.11.3,2.6.0,8,Apple M1,,,11.9001,45.4087,8.0,machine,N,1.0
2024-08-23T17:32:39,codecarbon,58b5cca0-3d82-4d6b-b1a7-b8432237ac05,1.843916750047356,1.3550077109528163e-06,7.348529758287715e-07,5.0,0.0,3.0,2.560898205653454e-06,0,1.536271319297763e-06,4.097169524951217e-06,Italy,ITA,veneto,,,macOS-13.4.1-arm64-arm-64bit,3.11.3,2.6.0,8,Apple M1,,,11.9001,45.4087,8.0,machine,N,1.0
2024-08-23T17:32:42,codecarbon,fc716f21-4fc4-4e80-99eb-f72e47644e3b,1.8266743749845773,1.342323378178724e-06,7.348454637351867e-07,5.0,0.0,3.0,2.5369275458312287e-06,0,1.5218880559162546e-06,4.058815601747483e-06,Italy,ITA,veneto,,,macOS-13.4.1-arm64-arm-64bit,3.11.3,2.6.0,8,Apple M1,,,11.9001,45.4087,8.0,machine,N,1.0
2024-08-23T17:32:45,codecarbon,322e85fd-74cb-4ce5-ac25-b3837451beda,1.8325757922139017,1.3466609060896589e-06,7.348459538815482e-07,5.0,0.0,3.0,2.545142998698996e-06,0,1.526788090898966e-06,4.071931089597962e-06,Italy,ITA,veneto,,,macOS-13.4.1-arm64-arm-64bit,3.11.3,2.6.0,8,Apple M1,,,11.9001,45.4087,8.0,machine,N,1.0
2024-08-23T17:32:47,codecarbon,b48c2fb5-f2c4-4ba7-aa73-ee14990584d6,1.8272347499150785,1.3427384865439198e-06,7.348472803542754e-07,5.0,0.0,3.0,2.537731712477075e-06,0,1.5223390624547998e-06,4.060070774931875e-06,Italy,ITA,veneto,,,macOS-13.4.1-arm64-arm-64bit,3.11.3,2.6.0,8,Apple M1,,,11.9001,45.4087,8.0,machine,N,1.0
2024-08-23T17:32:50,codecarbon,12bc528e-226c-4602-8d97-62f595cff668,1.828804082935676,1.34389839948297e-06,7.348509400338202e-07,5.0,0.0,3.0,2.5399129624323297e-06,0,1.523665069253184e-06,4.063578031685514e-06,Italy,ITA,veneto,,,macOS-13.4.1-arm64-arm-64bit,3.11.3,2.6.0,8,Apple M1,,,11.9001,45.4087,8.0,machine,N,1.0
2024-08-23T17:32:52,codecarbon,686a470f-c8dd-49e0-a89b-6b34ffd8daff,1.836646791081876,1.3496494743944197e-06,7.348443265998954e-07,5.0,0.0,3.0,2.550795022398233e-06,0,1.5301726733256751e-06,4.080967695723909e-06,Italy,ITA,veneto,,,macOS-13.4.1-arm64-arm-64bit,3.11.3,2.6.0,8,Apple M1,,,11.9001,45.4087,8.0,machine,N,1.0
2024-08-23T17:32:55,codecarbon,48689626-d22c-4d7a-81a1-9729dafc7775,1.8474911248777064,1.3576067875514768e-06,7.348380564704163e-07,5.0,0.0,3.0,2.5658657415381946e-06,0,1.5391626740650584e-06,4.105028415603253e-06,Italy,ITA,veneto,,,macOS-13.4.1-arm64-arm-64bit,3.11.3,2.6.0,8,Apple M1,,,11.9001,45.4087,8.0,machine,N,1.0
2024-08-23T17:32:58,codecarbon,2078903e-dfba-4647-8993-f440b4c8f1fa,1.8555130001623183,1.3635091809816464e-06,7.34842160018479e-07,5.0,0.0,3.0,2.576994791808021e-06,0,1.5458808332914487e-06,4.1228756250994696e-06,Italy,ITA,veneto,,,macOS-13.4.1-arm64-arm-64bit,3.11.3,2.6.0,8,Apple M1,,,11.9001,45.4087,8.0,machine,N,1.0
2024-08-23T17:33:03,codecarbon,3e1579d2-de4d-4008-ae71-03d2ca87b4ce,1.867393792141229,1.3722600368896693e-06,7.348530570599041e-07,5.0,0.0,3.0,2.5935072917491194e-06,0,1.555828507601594e-06,4.149335799350713e-06,Italy,ITA,veneto,,,macOS-13.4.1-arm64-arm-64bit,3.11.3,2.6.0,8,Apple M1,,,11.9001,45.4087,8.0,machine,N,1.0
2024-08-23T17:33:07,codecarbon,f2c27e77-d8af-4baa-a793-1fc2dbc91202,1.8673193329013884,1.372207531467477e-06,7.348542412054286e-07,5.0,0.0,3.0,2.5934037041022546e-06,0,1.5557733333359165e-06,4.149177037438171e-06,Italy,ITA,veneto,,,macOS-13.4.1-arm64-arm-64bit,3.11.3,2.6.0,8,Apple M1,,,11.9001,45.4087,8.0,machine,N,1.0
2024-08-23T17:33:10,codecarbon,b6445ad0-9c3e-415d-be22-87eb69de839c,1.850554333999753,1.3598800679068287e-06,7.348501164878579e-07,5.0,0.0,3.0,2.570112847347951e-06,0,1.5417893409418565e-06,4.111902188289808e-06,Italy,ITA,veneto,,,macOS-13.4.1-arm64-arm-64bit,3.11.3,2.6.0,8,Apple M1,,,11.9001,45.4087,8.0,machine,N,1.0
2024-08-23T17:33:12,codecarbon,f3bf8de0-cdc1-4a14-bc22-e9b29f9cddf9,1.904856750043109,1.3997962337845604e-06,7.348564314628286e-07,5.0,0.0,3.0,2.6455372109517665e-06,0,1.587060451662789e-06,4.232597662614555e-06,Italy,ITA,veneto,,,macOS-13.4.1-arm64-arm-64bit,3.11.3,2.6.0,8,Apple M1,,,11.9001,45.4087,8.0,machine,N,1.0
2024-08-23T17:33:15,codecarbon,6e43b1f9-f316-49f2-b1a2-3fd39af74661,1.8457889158744365,1.3563809790732018e-06,7.348516222022174e-07,5.0,0.0,3.0,2.56349166641788e-06,0,1.5378302424990885e-06,4.101321908916968e-06,Italy,ITA,veneto,,,macOS-13.4.1-arm64-arm-64bit,3.11.3,2.6.0,8,Apple M1,,,11.9001,45.4087,8.0,machine,N,1.0
2024-08-23T17:33:18,codecarbon,c8997a16-d234-4033-b53f-948d290d4fad,1.846373333130032,1.3568076244125648e-06,7.34850097792769e-07,5.0,0.0,3.0,2.564312383441979e-06,0,1.5382995832866675e-06,4.102611966728647e-06,Italy,ITA,veneto,,,macOS-13.4.1-arm64-arm-64bit,3.11.3,2.6.0,8,Apple M1,,,11.9001,45.4087,8.0,machine,N,1.0
2024-08-23T17:33:20,codecarbon,674735ba-1b5b-46b2-9dbc-86ceb6d13137,1.8432924170047045,1.3545457354347842e-06,7.348512492857107e-07,5.0,0.0,3.0,2.5600293402223747e-06,0,1.5357432982030631e-06,4.095772638425438e-06,Italy,ITA,veneto,,,macOS-13.4.1-arm64-arm-64bit,3.11.3,2.6.0,8,Apple M1,,,11.9001,45.4087,8.0,machine,N,1.0
2024-08-23T17:33:23,codecarbon,e59153eb-f409-43d2-8cb9-51580765979a,1.84138841717504,1.353141037614422e-06,7.34848240052655e-07,5.0,0.0,3.0,2.5573768513923925e-06,0,1.534148368324774e-06,4.091525219717167e-06,Italy,ITA,veneto,,,macOS-13.4.1-arm64-arm-64bit,3.11.3,2.6.0,8,Apple M1,,,11.9001,45.4087,8.0,machine,N,1.0
2024-08-23T17:33:25,codecarbon,8594b403-e286-450b-984a-fe491074a14d,1.8300468330271544,1.3448110664085315e-06,7.348506290322775e-07,5.0,0.0,3.0,2.541629802888363e-06,0,1.5247078818113852e-06,4.0663376846997486e-06,Italy,ITA,veneto,,,macOS-13.4.1-arm64-arm-64bit,3.11.3,2.6.0,8,Apple M1,,,11.9001,45.4087,8.0,machine,N,1.0
2024-08-23T17:34:30,codecarbon,7b0e541b-5559-49c6-9a6c-3b59ea9cf679,61.085349458036944,4.4892900314059697e-05,7.349209051328948e-07,5.0,0.0,3.0,8.484039120279098e-05,0,5.0903355173456174e-05,0.0001357437463762,Italy,ITA,veneto,,,macOS-13.4.1-arm64-arm-64bit,3.11.3,2.6.0,8,Apple M1,,,11.9001,45.4087,8.0,machine,N,1.0
2024-08-23T17:35:33,codecarbon,44a1a4c3-bb39-4eee-a7c2-bc3fd2a11274,60.5147727499716,4.447356311964576e-05,7.349207656020922e-07,5.0,0.0,3.0,8.404792922536015e-05,0,5.042785715350572e-05,0.0001344757863788,Italy,ITA,veneto,,,macOS-13.4.1-arm64-arm-64bit,3.11.3,2.6.0,8,Apple M1,,,11.9001,45.4087,8.0,machine,N,1.0
2024-08-23T17:36:41,codecarbon,850e8abb-56ac-4fdc-9115-49030d5c4bba,61.72646858287044,4.536405278697282e-05,7.349205912544572e-07,5.0,0.0,3.0,8.573082401643558e-05,0,5.143755746559084e-05,0.000137168381482,Italy,ITA,veneto,,,macOS-13.4.1-arm64-arm-64bit,3.11.3,2.6.0,8,Apple M1,,,11.9001,45.4087,8.0,machine,N,1.0
2024-08-23T17:37:47,codecarbon,cbf180ad-a05b-4fd0-a908-57b1fa0d43f3,60.7979949999135,4.468173094227274e-05,7.349211259735837e-07,5.0,0.0,3.0,8.444129612212742e-05,0,5.066393232710349e-05,0.0001351052284492,Italy,ITA,veneto,,,macOS-13.4.1-arm64-arm-64bit,3.11.3,2.6.0,8,Apple M1,,,11.9001,45.4087,8.0,machine,N,1.0
2024-08-23T17:38:53,codecarbon,071dd218-f58e-479c-aafa-8b1a724bb17d,61.76676470809616,4.5393672660537206e-05,7.349206790263886e-07,5.0,0.0,3.0,8.57867986694651e-05,0,5.147114513926984e-05,0.0001372579438087,Italy,ITA,veneto,,,macOS-13.4.1-arm64-arm-64bit,3.11.3,2.6.0,8,Apple M1,,,11.9001,45.4087,8.0,machine,N,1.0
2024-08-23T17:39:55,codecarbon,1fe47d10-0f32-47a7-bf09-dacd18cd71c7,60.47396270814352,4.444357507648023e-05,7.34920833466324e-07,5.0,0.0,3.0,8.399124681697383e-05,0,5.0393863991873024e-05,0.0001343851108088,Italy,ITA,veneto,,,macOS-13.4.1-arm64-arm-64bit,3.11.3,2.6.0,8,Apple M1,,,11.9001,45.4087,8.0,machine,N,1.0
2024-08-23T17:41:02,codecarbon,f4ffa6bf-2f89-4b1b-afad-c539cb499f43,62.63505474990234,4.603176893032861e-05,7.349202313964671e-07,5.0,0.0,3.0,8.699274236084116e-05,0,5.219462854225033e-05,0.000139187370903,Italy,ITA,veneto,,,macOS-13.4.1-arm64-arm-64bit,3.11.3,2.6.0,8,Apple M1,,,11.9001,45.4087,8.0,machine,N,1.0
2024-08-23T17:42:07,codecarbon,fa945c3d-716d-4ed3-a612-0a0c050efc87,60.36940254084766,4.436668885993255e-05,7.349201249741172e-07,5.0,0.0,3.0,8.384602563585051e-05,0,5.030660246401871e-05,0.0001341526280998,Italy,ITA,veneto,,,macOS-13.4.1-arm64-arm-64bit,3.11.3,2.6.0,8,Apple M1,,,11.9001,45.4087,8.0,machine,N,1.0
2024-08-23T17:43:11,codecarbon,6d993297-4481-41f6-bbf1-ccc2a4be7cd9,60.44092937512323,4.441927549942257e-05,7.349204580183873e-07,5.0,0.0,3.0,8.394536197948684e-05,0,5.036627361162876e-05,0.0001343116355911,Italy,ITA,veneto,,,macOS-13.4.1-arm64-arm-64bit,3.11.3,2.6.0,8,Apple M1,,,11.9001,45.4087,8.0,machine,N,1.0
2024-08-23T17:44:14,codecarbon,5d18b56b-26b2-4848-8c55-0586fbddb8cf,60.683086541015655,4.45972829659436e-05,7.34921137140912e-07,5.0,0.0,3.0,8.428169988360928e-05,0,5.056818118105488e-05,0.0001348498810646,Italy,ITA,veneto,,,macOS-13.4.1-arm64-arm-64bit,3.11.3,2.6.0,8,Apple M1,,,11.9001,45.4087,8.0,machine,N,1.0
2024-08-23T17:44:20,codecarbon,ed4d34d5-f297-47b3-a018-4ddff3f3f871,2.02081820811145,1.484990388647154e-06,7.348461047542458e-07,5.0,0.0,3.0,2.806572395881328e-06,0,1.6836288893440118e-06,4.49020128522534e-06,Italy,ITA,veneto,,,macOS-13.4.1-arm64-arm-64bit,3.11.3,2.6.0,8,Apple M1,,,11.9001,45.4087,8.0,machine,N,1.0
2024-08-23T17:44:23,codecarbon,7dd8699d-8b76-4768-af96-015961403881,2.0098133750725538,1.4769327772740672e-06,7.348606570103806e-07,5.0,0.0,3.0,2.791304861117776e-06,0,1.674532430091252e-06,4.465837291209028e-06,Italy,ITA,veneto,,,macOS-13.4.1-arm64-arm-64bit,3.11.3,2.6.0,8,Apple M1,,,11.9001,45.4087,8.0,machine,N,1.0
2024-08-23T17:44:26,codecarbon,49f7f684-4bea-41ca-af6b-d005b55d0a80,1.9343395410105584,1.4214618260746957e-06,7.34856417882085e-07,5.0,0.0,3.0,2.686486805517537e-06,0,1.6116216315034156e-06,4.298108437020953e-06,Italy,ITA,veneto,,,macOS-13.4.1-arm64-arm-64bit,3.11.3,2.6.0,8,Apple M1,,,11.9001,45.4087,8.0,machine,N,1.0
2024-08-23T17:44:29,codecarbon,f05246b0-8ec7-49d7-af42-cabed2b31c10,1.946776584023609,1.4305982289557776e-06,7.348548573555412e-07,5.0,0.0,3.0,2.703747627997978e-06,0,1.6219867709636069e-06,4.325734398961585e-06,Italy,ITA,veneto,,,macOS-13.4.1-arm64-arm-64bit,3.11.3,2.6.0,8,Apple M1,,,11.9001,45.4087,8.0,machine,N,1.0
2024-08-23T17:44:32,codecarbon,37eed440-b4ea-4496-84e8-e58a093bb3fa,1.9481599170248955,1.4316246030583269e-06,7.34859900641325e-07,5.0,0.0,3.0,2.705682871035404e-06,0,1.6231550000763187e-06,4.328837871111723e-06,Italy,ITA,veneto,,,macOS-13.4.1-arm64-arm-64bit,3.11.3,2.6.0,8,Apple M1,,,11.9001,45.4087,8.0,machine,N,1.0
2024-08-23T17:44:34,codecarbon,77d727e4-750a-4710-99b6-c787d94991be,1.9936427921056747,1.4650471207982631e-06,7.348593873483667e-07,5.0,0.0,3.0,2.7688506363321923e-06,0,1.6610477084759623e-06,4.429898344808155e-06,Italy,ITA,veneto,,,macOS-13.4.1-arm64-arm-64bit,3.11.3,2.6.0,8,Apple M1,,,11.9001,45.4087,8.0,machine,N,1.0
2024-08-23T17:44:37,codecarbon,4210f9b8-db06-40a9-8689-e0428eb3c3fb,1.9453757079318168,1.4295638967704431e-06,7.348523428876639e-07,5.0,0.0,3.0,2.7017993639068056e-06,0,1.6208074998576196e-06,4.322606863764425e-06,Italy,ITA,veneto,,,macOS-13.4.1-arm64-arm-64bit,3.11.3,2.6.0,8,Apple M1,,,11.9001,45.4087,8.0,machine,N,1.0
2024-08-23T17:44:40,codecarbon,da3cb9eb-b57a-4c32-9f8c-758953ba4ec9,1.940277290996164,1.4258227368802304e-06,7.348551382303681e-07,5.0,0.0,3.0,2.694733969272218e-06,0,1.6165606590220703e-06,4.311294628294288e-06,Italy,ITA,veneto,,,macOS-13.4.1-arm64-arm-64bit,3.11.3,2.6.0,8,Apple M1,,,11.9001,45.4087,8.0,machine,N,1.0
2024-08-23T17:44:43,codecarbon,01dd7b43-995f-4f01-a900-a609dc3481a2,1.9411379578523336,1.426462328267435e-06,7.348588092345927e-07,5.0,0.0,3.0,2.695927951329698e-06,0,1.6173006248815609e-06,4.313228576211258e-06,Italy,ITA,veneto,,,macOS-13.4.1-arm64-arm-64bit,3.11.3,2.6.0,8,Apple M1,,,11.9001,45.4087,8.0,machine,N,1.0
2024-08-23T17:44:48,codecarbon,d9875072-07d9-4663-9ce6-5ba9a872aaff,1.9503528329078108,1.4332294501899543e-06,7.348564967360962e-07,5.0,0.0,3.0,2.7087243053958646e-06,0,1.6249661807281278e-06,4.333690486123992e-06,Italy,ITA,veneto,,,macOS-13.4.1-arm64-arm-64bit,3.11.3,2.6.0,8,Apple M1,,,11.9001,45.4087,8.0,machine,N,1.0
2024-08-23T17:44:52,codecarbon,ccddbee7-230d-4719-be84-3a47ad2eccdc,1.912698957836256,1.4055589985391173e-06,7.348563624090425e-07,5.0,0.0,3.0,2.6564282986025014e-06,0,1.593594374911239e-06,4.25002267351374e-06,Italy,ITA,veneto,,,macOS-13.4.1-arm64-arm-64bit,3.11.3,2.6.0,8,Apple M1,,,11.9001,45.4087,8.0,machine,N,1.0
2024-08-23T17:44:55,codecarbon,60c26e0f-8e15-4966-8fbf-efbbb901921a,1.8512396670412272,1.3603836891205755e-06,7.348501187287274e-07,5.0,0.0,3.0,2.571062326508885e-06,0,1.5423626734021431e-06,4.113424999911028e-06,Italy,ITA,veneto,,,macOS-13.4.1-arm64-arm-64bit,3.11.3,2.6.0,8,Apple M1,,,11.9001,45.4087,8.0,machine,N,1.0
2024-08-23T17:44:57,codecarbon,f3747aa5-0db9-4311-86da-a8dee523003e,1.896861542016268,1.3938427471357617e-06,7.348152283451207e-07,5.0,0.0,3.0,2.634361863925329e-06,0,1.5802340973944711e-06,4.2145959613198e-06,Italy,ITA,veneto,,,macOS-13.4.1-arm64-arm-64bit,3.11.3,2.6.0,8,Apple M1,,,11.9001,45.4087,8.0,machine,N,1.0
2024-08-23T17:45:00,codecarbon,74032745-3068-4ac4-8bef-709887766130,1.8470045838039368,1.3572696920326896e-06,7.348491194523026e-07,5.0,0.0,3.0,2.565182986048361e-06,0,1.538826145697385e-06,4.104009131745746e-06,Italy,ITA,veneto,,,macOS-13.4.1-arm64-arm-64bit,3.11.3,2.6.0,8,Apple M1,,,11.9001,45.4087,8.0,machine,N,1.0
2024-08-23T17:45:03,codecarbon,e6bf2db7-4943-4c7a-af64-771a2b8a66ed,1.8659990839660168,1.3712293678907352e-06,7.348499684020787e-07,5.0,0.0,3.0,2.5915664931138355e-06,0,1.554652847504864e-06,4.1462193406187e-06,Italy,ITA,veneto,,,macOS-13.4.1-arm64-arm-64bit,3.11.3,2.6.0,8,Apple M1,,,11.9001,45.4087,8.0,machine,N,1.0
2024-08-23T17:45:05,codecarbon,a3e452e6-6c59-43b9-942a-e90dce5ec19e,1.8558475421741605,1.36377663407869e-06,7.348538083473171e-07,5.0,0.0,3.0,2.5774695027697213e-06,0,1.5462148267154893e-06,4.12368432948521e-06,Italy,ITA,veneto,,,macOS-13.4.1-arm64-arm-64bit,3.11.3,2.6.0,8,Apple M1,,,11.9001,45.4087,8.0,machine,N,1.0
2024-08-23T17:45:08,codecarbon,955554d3-33c6-4dca-a1ed-5b4a86ae043e,1.857265667058528,1.36480893357983e-06,7.348485237124783e-07,5.0,0.0,3.0,2.5794274891571453e-06,0,1.5473782292489586e-06,4.126805718406104e-06,Italy,ITA,veneto,,,macOS-13.4.1-arm64-arm-64bit,3.11.3,2.6.0,8,Apple M1,,,11.9001,45.4087,8.0,machine,N,1.0
2024-08-23T17:45:10,codecarbon,9255527b-05fa-45de-9c80-d32b6c78990a,1.856137707829476,1.3639898969868183e-06,7.348538264339432e-07,5.0,0.0,3.0,2.5778730319062664e-06,0,1.5464561457823342e-06,4.1243291776886e-06,Italy,ITA,veneto,,,macOS-13.4.1-arm64-arm-64bit,3.11.3,2.6.0,8,Apple M1,,,11.9001,45.4087,8.0,machine,N,1.0
2024-08-23T17:45:16,codecarbon,9d5ad8eb-3917-418c-b571-e8e9367509e1,1.854788875207305,1.3629981870873825e-06,7.348535487280424e-07,5.0,0.0,3.0,2.57598923635669e-06,0,1.5453412841695052e-06,4.121330520526195e-06,Italy,ITA,veneto,,,macOS-13.4.1-arm64-arm-64bit,3.11.3,2.6.0,8,Apple M1,,,11.9001,45.4087,8.0,machine,N,1.0
2024-08-23T17:45:20,codecarbon,277f98cb-6e5e-4c02-8e89-ae079d6887ac,1.8579339999705555,1.3653023119329468e-06,7.348497373720402e-07,5.0,0.0,3.0,2.580363079323433e-06,0,1.547934479118946e-06,4.128297558442379e-06,Italy,ITA,veneto,,,macOS-13.4.1-arm64-arm-64bit,3.11.3,2.6.0,8,Apple M1,,,11.9001,45.4087,8.0,machine,N,1.0
2024-08-23T17:45:23,codecarbon,7241ffe4-52fb-4439-af1b-515733e06fd6,1.9984219579491764,1.4685626684854038e-06,7.348611551448696e-07,5.0,0.0,3.0,2.7754915512761928e-06,0,1.6650368399374809e-06,4.440528391213674e-06,Italy,ITA,veneto,,,macOS-13.4.1-arm64-arm-64bit,3.11.3,2.6.0,8,Apple M1,,,11.9001,45.4087,8.0,machine,N,1.0
2024-08-23T17:45:26,codecarbon,d7447447-0125-4b5e-896d-2b9c0f228bf7,1.9976270839106287,1.467973745975581e-06,7.348587520658865e-07,5.0,0.0,3.0,2.774379457049589e-06,0,1.6643681949547803e-06,4.438747652004369e-06,Italy,ITA,veneto,,,macOS-13.4.1-arm64-arm-64bit,3.11.3,2.6.0,8,Apple M1,,,11.9001,45.4087,8.0,machine,N,1.0
2024-08-23T17:45:28,codecarbon,f797091e-7aa0-44b3-ae95-927c0378b98d,1.999805042054504,1.4695169278688468e-06,7.348300944171714e-07,5.0,0.0,3.0,2.777390683250916e-06,0,1.6660231250959135e-06,4.443413808346829e-06,Italy,ITA,veneto,,,macOS-13.4.1-arm64-arm-64bit,3.11.3,2.6.0,8,Apple M1,,,11.9001,45.4087,8.0,machine,N,1.0
2024-08-23T17:45:31,codecarbon,442e5126-a819-474c-a92e-18e1bc0e629a,2.053257083054632,1.5088125070036992e-06,7.348385740177445e-07,5.0,0.0,3.0,2.851601792887474e-06,0,1.7106310066689426e-06,4.562232799556417e-06,Italy,ITA,veneto,,,macOS-13.4.1-arm64-arm-64bit,3.11.3,2.6.0,8,Apple M1,,,11.9001,45.4087,8.0,machine,N,1.0
2024-08-23T17:45:34,codecarbon,88cb407c-bbe5-4dc6-a3cf-60bf400dfae6,2.000802583992481,1.4703047601831423e-06,7.348574876633945e-07,5.0,0.0,3.0,2.778792766750687e-06,0,1.6670032291828344e-06,4.445795995933522e-06,Italy,ITA,veneto,,,macOS-13.4.1-arm64-arm-64bit,3.11.3,2.6.0,8,Apple M1,,,11.9001,45.4087,8.0,machine,N,1.0
2024-08-23T17:45:37,codecarbon,a74f7b87-a7bc-4b0a-a96d-33ccd0d134e7,1.99540950008668,1.4663358989808326e-06,7.348546245355329e-07,5.0,0.0,3.0,2.771305323565482e-06,0,1.6624899309438963e-06,4.433795254509378e-06,Italy,ITA,veneto,,,macOS-13.4.1-arm64-arm-64bit,3.11.3,2.6.0,8,Apple M1,,,11.9001,45.4087,8.0,machine,N,1.0
2024-08-23T17:45:43,codecarbon,5655fd03-6343-4316-a7da-9863cb83ff6a,1.99382874998264,1.4651841501885617e-06,7.348595761804111e-07,5.0,0.0,3.0,2.769108274757552e-06,0,1.661204409125882e-06,4.430312683883434e-06,Italy,ITA,veneto,,,macOS-13.4.1-arm64-arm-64bit,3.11.3,2.6.0,8,Apple M1,,,11.9001,45.4087,8.0,machine,N,1.0
2024-08-23T17:45:47,codecarbon,3eecb2fc-911c-4acf-8780-e4046cd46024,2.0002680411562324,1.4699162734721435e-06,7.348596504208881e-07,5.0,0.0,3.0,2.778052604278653e-06,0,1.666568715008907e-06,4.444621319287561e-06,Italy,ITA,veneto,,,macOS-13.4.1-arm64-arm-64bit,3.11.3,2.6.0,8,Apple M1,,,11.9001,45.4087,8.0,machine,N,1.0
2024-08-23T17:45:49,codecarbon,f583f4fd-12b8-4eba-b3cb-bcef69734aac,1.9955207500606773,1.4664251200914797e-06,7.348583671940721e-07,5.0,0.0,3.0,2.771454340351436e-06,0,1.6626106941839682e-06,4.434065034535403e-06,Italy,ITA,veneto,,,macOS-13.4.1-arm64-arm-64bit,3.11.3,2.6.0,8,Apple M1,,,11.9001,45.4087,8.0,machine,N,1.0
2024-08-23T17:45:52,codecarbon,2e87e405-2244-4624-8472-2e7e8aab22da,2.000516042113304,1.470092928621952e-06,7.348568557685626e-07,5.0,0.0,3.0,2.778393634879548e-06,0,1.6667618408488733e-06,4.445155475728421e-06,Italy,ITA,veneto,,,macOS-13.4.1-arm64-arm-64bit,3.11.3,2.6.0,8,Apple M1,,,11.9001,45.4087,8.0,machine,N,1.0
2024-08-23T17:45:57,codecarbon,35381b8c-b670-4efb-b1b7-3868ccb8d907,4.382913250010461,3.2209822535333293e-06,7.348952785058298e-07,5.0,0.0,3.0,6.087278876414833e-06,0,3.652082916814834e-06,9.739361793229669e-06,Italy,ITA,veneto,,,macOS-13.4.1-arm64-arm-64bit,3.11.3,2.6.0,8,Apple M1,,,11.9001,45.4087,8.0,machine,N,1.0
2024-08-23T17:46:02,codecarbon,f2613106-6345-44e6-ad3d-254ab97f3b06,4.37140641710721,3.212526246282237e-06,7.348953494029355e-07,5.0,0.0,3.0,6.071301041649551e-06,0,3.6424921183303618e-06,9.713793159979912e-06,Italy,ITA,veneto,,,macOS-13.4.1-arm64-arm-64bit,3.11.3,2.6.0,8,Apple M1,,,11.9001,45.4087,8.0,machine,N,1.0
2024-08-23T17:46:08,codecarbon,70b5ef04-fb2c-470c-bde9-16fe6a97146d,4.402952499920502,3.2357169084373177e-06,7.348970738375534e-07,5.0,0.0,3.0,6.115112616680563e-06,0,3.66880270827096e-06,9.783915324951524e-06,Italy,ITA,veneto,,,macOS-13.4.1-arm64-arm-64bit,3.11.3,2.6.0,8,Apple M1,,,11.9001,45.4087,8.0,machine,N,1.0
2024-08-23T17:46:16,codecarbon,748c5057-a0f4-4b1e-a3bd-8748bacc8902,4.411188750062138,3.2417710038312163e-06,7.348973683761665e-07,5.0,0.0,3.0,6.126555440197181e-06,0,3.675665799140309e-06,9.80222123933749e-06,Italy,ITA,veneto,,,macOS-13.4.1-arm64-arm-64bit,3.11.3,2.6.0,8,Apple M1,,,11.9001,45.4087,8.0,machine,N,1.0
2024-08-23T17:46:22,codecarbon,feb3e3c2-43bd-4b56-bdab-fbcd7a9f1fb8,4.372749959118664,3.213523142817104e-06,7.348975296691319e-07,5.0,0.0,3.0,6.073172395958358e-06,0,3.6436351041387135e-06,9.716807500097072e-06,Italy,ITA,veneto,,,macOS-13.4.1-arm64-arm-64bit,3.11.3,2.6.0,8,Apple M1,,,11.9001,45.4087,8.0,machine,N,1.0
2024-08-23T17:46:27,codecarbon,ecb13919-66c5-4067-8dbe-f0a996d2ed30,4.417074167169631,3.246036255298957e-06,7.348838014596775e-07,5.0,0.0,3.0,6.134650926429054e-06,0,3.6804672567329054e-06,9.81511818316196e-06,Italy,ITA,veneto,,,macOS-13.4.1-arm64-arm-64bit,3.11.3,2.6.0,8,Apple M1,,,11.9001,45.4087,8.0,machine,N,1.0
2024-08-23T17:46:32,codecarbon,89c038d9-cff5-4397-8e54-83bc1ecdc707,4.369842000072822,3.211385230485162e-06,7.348973327712181e-07,5.0,0.0,3.0,6.069127140411486e-06,0,3.6412159025591487e-06,9.710343042970634e-06,Italy,ITA,veneto,,,macOS-13.4.1-arm64-arm-64bit,3.11.3,2.6.0,8,Apple M1,,,11.9001,45.4087,8.0,machine,N,1.0
2024-08-23T17:46:38,codecarbon,880ce236-c53a-4a48-8ea4-64c191d365c3,4.358010292053223,3.2026937359370604e-06,7.34898157945412e-07,5.0,0.0,3.0,6.052698611165397e-06,0,3.631363749930945e-06,9.684062361096344e-06,Italy,ITA,veneto,,,macOS-13.4.1-arm64-arm-64bit,3.11.3,2.6.0,8,Apple M1,,,11.9001,45.4087,8.0,machine,N,1.0
2024-08-23T17:46:46,codecarbon,26b84cb8-dd70-4a07-8a26-2340219f7033,4.3756488328799605,3.2156518986482087e-06,7.348971595903262e-07,5.0,0.0,3.0,6.077189583124386e-06,0,3.646054687366511e-06,9.723244270490896e-06,Italy,ITA,veneto,,,macOS-13.4.1-arm64-arm-64bit,3.11.3,2.6.0,8,Apple M1,,,11.9001,45.4087,8.0,machine,N,1.0
2024-08-23T17:46:52,codecarbon,c66d22e3-1dab-479b-b3fd-2363625f2fd1,4.413145999889821,3.243209354998936e-06,7.34897362353275e-07,5.0,0.0,3.0,6.129272222299026e-06,0,3.67729819418552e-06,9.806570416484543e-06,Italy,ITA,veneto,,,macOS-13.4.1-arm64-arm-64bit,3.11.3,2.6.0,8,Apple M1,,,11.9001,45.4087,8.0,machine,N,1.0
2024-08-23T17:46:55,codecarbon,6f6cb083-ea88-466d-9a08-a285fda5663f,1.8745059580542147,1.3774903726456392e-06,7.348551583562367e-07,5.0,0.0,3.0,2.603380787574376e-06,0,1.5617701042598733e-06,4.165150891834249e-06,Italy,ITA,veneto,,,macOS-13.4.1-arm64-arm-64bit,3.11.3,2.6.0,8,Apple M1,,,11.9001,45.4087,8.0,machine,N,1.0
2024-08-23T17:46:58,codecarbon,a0c6f6dd-31e9-4307-a2e0-68bf4de0a0b3,1.8638624579180032,1.3696693509926796e-06,7.348553779674527e-07,5.0,0.0,3.0,2.588604398382207e-06,0,1.5528978814836592e-06,4.141502279865866e-06,Italy,ITA,veneto,,,macOS-13.4.1-arm64-arm-64bit,3.11.3,2.6.0,8,Apple M1,,,11.9001,45.4087,8.0,machine,N,1.0
2024-08-23T17:47:01,codecarbon,2e06c64d-e254-4165-8643-eec89f66c129,1.8697233330458405,1.3739727883814618e-06,7.348535283790974e-07,5.0,0.0,3.0,2.5967295139303635e-06,0,1.5577851734512177e-06,4.154514687381581e-06,Italy,ITA,veneto,,,macOS-13.4.1-arm64-arm-64bit,3.11.3,2.6.0,8,Apple M1,,,11.9001,45.4087,8.0,machine,N,1.0
2024-08-23T17:47:03,codecarbon,2eb3aaa6-31a0-43eb-9379-f0b7982d12cc,1.9294304999057204,1.4178511665075065e-06,7.348547494075521e-07,5.0,0.0,3.0,2.679666840251432e-06,0,1.6075239582763362e-06,4.287190798527768e-06,Italy,ITA,veneto,,,macOS-13.4.1-arm64-arm-64bit,3.11.3,2.6.0,8,Apple M1,,,11.9001,45.4087,8.0,machine,N,1.0
2024-08-23T17:47:06,codecarbon,f4490bef-6ee7-4983-a6cb-0deda30c01d9,1.863840957870707,1.3696558311926498e-06,7.34856601046784e-07,5.0,0.0,3.0,2.5885732055434747e-06,0,1.552888194176679e-06,4.141461399720154e-06,Italy,ITA,veneto,,,macOS-13.4.1-arm64-arm-64bit,3.11.3,2.6.0,8,Apple M1,,,11.9001,45.4087,8.0,machine,N,1.0
2024-08-23T17:47:09,codecarbon,01aaa47f-bb98-41ef-a910-0e21e42023ae,1.860238624969497,1.3670049772831133e-06,7.348546358161595e-07,5.0,0.0,3.0,2.5835678236843607e-06,0,1.549878125078976e-06,4.133445948763337e-06,Italy,ITA,veneto,,,macOS-13.4.1-arm64-arm-64bit,3.11.3,2.6.0,8,Apple M1,,,11.9001,45.4087,8.0,machine,N,1.0
2024-08-23T17:47:14,codecarbon,78b68e20-9e29-4979-87c6-238652943eeb,1.8587867498863488,1.3659417610388889e-06,7.348566268413555e-07,5.0,0.0,3.0,2.581553819537577e-06,0,1.5486772566024837e-06,4.130231076140061e-06,Italy,ITA,veneto,,,macOS-13.4.1-arm64-arm-64bit,3.11.3,2.6.0,8,Apple M1,,,11.9001,45.4087,8.0,machine,N,1.0
2024-08-23T17:47:18,codecarbon,0206da08-1742-4f78-9014-95e6e3454407,1.867219624808058,1.3721401823151092e-06,7.348574126389439e-07,5.0,0.0,3.0,2.5932681138834194e-06,0,1.5557052782969548e-06,4.1489733921803744e-06,Italy,ITA,veneto,,,macOS-13.4.1-arm64-arm-64bit,3.11.3,2.6.0,8,Apple M1,,,11.9001,45.4087,8.0,machine,N,1.0
2024-08-23T17:47:21,codecarbon,186aaa4a-9e57-4e5a-a93d-dbff05d09822,1.86353104095906,1.3694258291891094e-06,7.348553896286798e-07,5.0,0.0,3.0,2.5881456596026614e-06,0,1.5526202775072306e-06,4.140765937109892e-06,Italy,ITA,veneto,,,macOS-13.4.1-arm64-arm-64bit,3.11.3,2.6.0,8,Apple M1,,,11.9001,45.4087,8.0,machine,N,1.0
2024-08-23T17:47:23,codecarbon,9cbfcc79-e805-466f-845a-567e3c9ff087,1.8683538329787552,1.3729717807052207e-06,7.348564048578868e-07,5.0,0.0,3.0,2.5948435763388663e-06,0,1.55664433996814e-06,4.151487916307007e-06,Italy,ITA,veneto,,,macOS-13.4.1-arm64-arm-64bit,3.11.3,2.6.0,8,Apple M1,,,11.9001,45.4087,8.0,machine,N,1.0
2024-08-23T17:47:26,codecarbon,bf3f0914-5f11-4ffd-9202-99e5ac57563c,1.8515449590049684,1.360611452547042e-06,7.348519656137558e-07,5.0,0.0,3.0,2.5714935194830305e-06,0,1.542620174198722e-06,4.114113693681753e-06,Italy,ITA,veneto,,,macOS-13.4.1-arm64-arm-64bit,3.11.3,2.6.0,8,Apple M1,,,11.9001,45.4087,8.0,machine,N,1.0
2024-08-23T17:47:28,codecarbon,336924a3-9d0f-448e-bbd7-f7afb63d7275,1.8479758750181643,1.3579970802420538e-06,7.348564981827512e-07,5.0,0.0,3.0,2.566539177981516e-06,0,1.5396693750517444e-06,4.10620855303326e-06,Italy,ITA,veneto,,,macOS-13.4.1-arm64-arm-64bit,3.11.3,2.6.0,8,Apple M1,,,11.9001,45.4087,8.0,machine,N,1.0
2024-08-23T17:47:31,codecarbon,bd4c6629-ec40-4759-83ee-39d01e4f0569,1.8909952081739905,1.389607385770087e-06,7.348550539754881e-07,5.0,0.0,3.0,2.6262858209924566e-06,0,1.575503575926026e-06,4.201789396918483e-06,Italy,ITA,veneto,,,macOS-13.4.1-arm64-arm-64bit,3.11.3,2.6.0,8,Apple M1,,,11.9001,45.4087,8.0,machine,N,1.0
2024-08-23T17:47:34,codecarbon,5dfab85d-e317-4c6f-b05e-1ba41290fb4c,1.8530749168712648,1.3617418075590131e-06,7.348552371850033e-07,5.0,0.0,3.0,2.5736207763353986e-06,0,1.5439107990823687e-06,4.117531575417768e-06,Italy,ITA,veneto,,,macOS-13.4.1-arm64-arm-64bit,3.11.3,2.6.0,8,Apple M1,,,11.9001,45.4087,8.0,machine,N,1.0
2024-08-23T17:47:36,codecarbon,5db2b854-e3eb-4aa8-9616-fa663003a394,1.851544207893312,1.3606148544210264e-06,7.348541010366341e-07,5.0,0.0,3.0,2.571492591717592e-06,0,1.5426313882926478e-06,4.114123980010239e-06,Italy,ITA,veneto,,,macOS-13.4.1-arm64-arm-64bit,3.11.3,2.6.0,8,Apple M1,,,11.9001,45.4087,8.0,machine,N,1.0
2024-08-23T17:47:42,codecarbon,ccdc9095-575b-4c5d-b20b-9ddc4b348e15,1.8582799159921704,1.3655668705516944e-06,7.348553136692502e-07,5.0,0.0,3.0,2.580846990005941e-06,0,1.548250520718284e-06,4.1290975107242255e-06,Italy,ITA,veneto,,,macOS-13.4.1-arm64-arm-64bit,3.11.3,2.6.0,8,Apple M1,,,11.9001,45.4087,8.0,machine,N,1.0
2024-08-23T17:47:46,codecarbon,1788d58d-6c54-4544-895a-2919024b4732,1.852513083955273,1.361321853096569e-06,7.348514107063854e-07,5.0,0.0,3.0,2.572835880629201e-06,0,1.543425868342941e-06,4.116261748972142e-06,Italy,ITA,veneto,,,macOS-13.4.1-arm64-arm-64bit,3.11.3,2.6.0,8,Apple M1,,,11.9001,45.4087,8.0,machine,N,1.0
2024-08-23T17:47:48,codecarbon,c93dd5e5-1c39-4660-88c8-1a9abdfd1e32,1.89877724996768,1.3953301471379988e-06,7.348572072694413e-07,5.0,0.0,3.0,2.6370964695363204e-06,0,1.581996979075484e-06,4.219093448611804e-06,Italy,ITA,veneto,,,macOS-13.4.1-arm64-arm-64bit,3.11.3,2.6.0,8,Apple M1,,,11.9001,45.4087,8.0,machine,N,1.0
2024-08-23T17:47:51,codecarbon,fab1b873-32f8-48ad-ada7-67d306161876,1.864941000007093,1.3704472655628808e-06,7.348475182634027e-07,5.0,0.0,3.0,2.5900925347943685e-06,0,1.5537619441359616e-06,4.14385447893033e-06,Italy,ITA,veneto,,,macOS-13.4.1-arm64-arm-64bit,3.11.3,2.6.0,8,Apple M1,,,11.9001,45.4087,8.0,machine,N,1.0
2024-08-23T17:47:54,codecarbon,a0066077-5215-429a-9ceb-0e47aed7c879,1.8535684999078512,1.3621017922016618e-06,7.34853765733167e-07,5.0,0.0,3.0,2.574299478955153e-06,0,1.5443205907164765e-06,4.118620069671629e-06,Italy,ITA,veneto,,,macOS-13.4.1-arm64-arm-64bit,3.11.3,2.6.0,8,Apple M1,,,11.9001,45.4087,8.0,machine,N,1.0
2024-08-23T17:47:56,codecarbon,559014c0-822a-4cc6-9015-ce7640765bc0,1.9196557919494808,1.4106749647787144e-06,7.348582858941198e-07,5.0,0.0,3.0,2.666094270858189e-06,0,1.5993976732715965e-06,4.2654919441297854e-06,Italy,ITA,veneto,,,macOS-13.4.1-arm64-arm-64bit,3.11.3,2.6.0,8,Apple M1,,,11.9001,45.4087,8.0,machine,N,1.0
2024-08-23T17:47:59,codecarbon,d0db377d-d9ba-4812-a1fb-4e0576d541df,1.853127874899656,1.3617791506154353e-06,7.348543881188845e-07,5.0,0.0,3.0,2.57369612227194e-06,0,1.5439483682469775e-06,4.117644490518917e-06,Italy,ITA,veneto,,,macOS-13.4.1-arm64-arm-64bit,3.11.3,2.6.0,8,Apple M1,,,11.9001,45.4087,8.0,machine,N,1.0
2024-08-23T17:48:02,codecarbon,4ca9fc7b-869a-4493-bd01-dac9491eeff9,1.8476029171142727,1.3577158743733155e-06,7.348526362438851e-07,5.0,0.0,3.0,2.5660149306834987e-06,0,1.5393433333762611e-06,4.10535826405976e-06,Italy,ITA,veneto,,,macOS-13.4.1-arm64-arm-64bit,3.11.3,2.6.0,8,Apple M1,,,11.9001,45.4087,8.0,machine,N,1.0
2024-08-23T17:48:04,codecarbon,1a411c5c-6211-40df-92c0-2d9bc82392e2,1.9040569588541985,1.3992019784438125e-06,7.348530052828924e-07,5.0,0.0,3.0,2.644428298420584e-06,0,1.5863724999750656e-06,4.230800798395649e-06,Italy,ITA,veneto,,,macOS-13.4.1-arm64-arm-64bit,3.11.3,2.6.0,8,Apple M1,,,11.9001,45.4087,8.0,machine,N,1.0
2024-08-23T17:48:10,codecarbon,79cbdf29-810c-40e7-b821-dc0c89ab5df7,1.8477500840090213,1.3578209848915857e-06,7.348509934555393e-07,5.0,0.0,3.0,2.5662199083146536e-06,0,1.5394561809565252e-06,4.105676089271179e-06,Italy,ITA,veneto,,,macOS-13.4.1-arm64-arm-64bit,3.11.3,2.6.0,8,Apple M1,,,11.9001,45.4087,8.0,machine,N,1.0
2024-08-23T17:48:14,codecarbon,4025dfcb-5c6e-426d-8640-18cfb8618fee,1.9309036249760536,1.4189391212111723e-06,7.348575572894113e-07,5.0,0.0,3.0,2.681716549947548e-06,0,1.6087639234804858e-06,4.290480473428033e-06,Italy,ITA,veneto,,,macOS-13.4.1-arm64-arm-64bit,3.11.3,2.6.0,8,Apple M1,,,11.9001,45.4087,8.0,machine,N,1.0
2024-08-23T17:48:16,codecarbon,b2b468af-7759-447a-a171-3888851c28b5,1.8472659159451723,1.3574721112776638e-06,7.348547383245035e-07,5.0,0.0,3.0,2.5655494207361097e-06,0,1.5390717709669843e-06,4.104621191703094e-06,Italy,ITA,veneto,,,macOS-13.4.1-arm64-arm-64bit,3.11.3,2.6.0,8,Apple M1,,,11.9001,45.4087,8.0,machine,N,1.0
2024-08-23T17:48:19,codecarbon,d88b6b7d-c751-4b66-8400-85253148b9a3,1.8467826249543573,1.3571162490057434e-06,7.348543519242194e-07,5.0,0.0,3.0,2.564877488960823e-06,0,1.5386676734002929e-06,4.103545162361116e-06,Italy,ITA,veneto,,,macOS-13.4.1-arm64-arm-64bit,3.11.3,2.6.0,8,Apple M1,,,11.9001,45.4087,8.0,machine,N,1.0
2024-08-23T17:48:22,codecarbon,534c5564-6d5a-4720-8765-f1f0aca5c1d7,1.8652704579290005,1.3706932220187417e-06,7.348495850519259e-07,5.0,0.0,3.0,2.5905516208796247e-06,0,1.5540465625235811e-06,4.144598183403206e-06,Italy,ITA,veneto,,,macOS-13.4.1-arm64-arm-64bit,3.11.3,2.6.0,8,Apple M1,,,11.9001,45.4087,8.0,machine,N,1.0
2024-08-23T17:48:24,codecarbon,150f7e0e-27fa-4823-af8d-abdf8b13fff8,1.898983290884644,1.3954798506403268e-06,7.348563082881265e-07,5.0,0.0,3.0,2.637381249870588e-06,0,1.5821648608349884e-06,4.2195461107055765e-06,Italy,ITA,veneto,,,macOS-13.4.1-arm64-arm-64bit,3.11.3,2.6.0,8,Apple M1,,,11.9001,45.4087,8.0,machine,N,1.0
2024-08-23T17:48:27,codecarbon,3ad4475b-162e-481f-8edd-4bf15b023c59,2.1686827500816435,1.5936893381171302e-06,7.348651332506487e-07,5.0,0.0,3.0,3.0119636584357872e-06,0,1.806913264251004e-06,4.818876922686791e-06,Italy,ITA,veneto,,,macOS-13.4.1-arm64-arm-64bit,3.11.3,2.6.0,8,Apple M1,,,11.9001,45.4087,8.0,machine,N,1.0
2024-08-23T17:48:30,codecarbon,0a81c7a6-8c6b-451a-b6e0-9d0aa182a8cc,2.220442624995485,1.6317295246234136e-06,7.348667811791496e-07,5.0,0.0,3.0,3.083854744585956e-06,0,1.8500452083147445e-06,4.933899952900699e-06,Italy,ITA,veneto,,,macOS-13.4.1-arm64-arm-64bit,3.11.3,2.6.0,8,Apple M1,,,11.9001,45.4087,8.0,machine,N,1.0
2024-08-23T17:48:33,codecarbon,e2323998-e7ef-4219-91cb-aa2d57ef51f7,2.160799792036414,1.587899893251568e-06,7.348667373551878e-07,5.0,0.0,3.0,3.0010148152036384e-06,0,1.8003564232882734e-06,4.801371238491911e-06,Italy,ITA,veneto,,,macOS-13.4.1-arm64-arm-64bit,3.11.3,2.6.0,8,Apple M1,,,11.9001,45.4087,8.0,machine,N,1.0
2024-08-23T17:48:39,codecarbon,9f5d4f69-727c-44a3-ac00-e24f08dd211d,2.159295459045097,1.5867894426439348e-06,7.348644373779486e-07,5.0,0.0,3.0,2.9989210070602387e-06,0,1.7990925351235395e-06,4.798013542183778e-06,Italy,ITA,veneto,,,macOS-13.4.1-arm64-arm-64bit,3.11.3,2.6.0,8,Apple M1,,,11.9001,45.4087,8.0,machine,N,1.0
2024-08-23T17:48:43,codecarbon,63911418-6fd0-4309-8512-6a85aa7dd958,2.154937000013888,1.5835873803416335e-06,7.348648152272795e-07,5.0,0.0,3.0,2.992872395811396e-06,0,1.7954589932924138e-06,4.78833138910381e-06,Italy,ITA,veneto,,,macOS-13.4.1-arm64-arm-64bit,3.11.3,2.6.0,8,Apple M1,,,11.9001,45.4087,8.0,machine,N,1.0
2024-08-23T17:48:46,codecarbon,e7104a8b-2c47-45f0-9256-1e51a00fb5a9,2.163416499970481,1.5898168936458082e-06,7.34863995752783e-07,5.0,0.0,3.0,3.004650809776245e-06,0,1.802516909083352e-06,4.8071677188595965e-06,Italy,ITA,veneto,,,macOS-13.4.1-arm64-arm-64bit,3.11.3,2.6.0,8,Apple M1,,,11.9001,45.4087,8.0,machine,N,1.0
2024-08-23T17:48:49,codecarbon,c4efd474-184d-4179-8a02-0d99fea437d4,2.2605819997843355,1.661214626796006e-06,7.34861476803093e-07,5.0,0.0,3.0,3.139604108097653e-06,0,1.8834506600008657e-06,5.023054768098519e-06,Italy,ITA,veneto,,,macOS-13.4.1-arm64-arm-64bit,3.11.3,2.6.0,8,Apple M1,,,11.9001,45.4087,8.0,machine,N,1.0
2024-08-23T17:48:52,codecarbon,f251498e-e294-4aba-9ef6-585abc887f58,2.233390625100583,1.6412443128233362e-06,7.348666616478795e-07,5.0,0.0,3.0,3.1018362277083926e-06,0,1.860833819955588e-06,4.96267004766398e-06,Italy,ITA,veneto,,,macOS-13.4.1-arm64-arm-64bit,3.11.3,2.6.0,8,Apple M1,,,11.9001,45.4087,8.0,machine,N,1.0
2024-08-23T17:48:55,codecarbon,45bdec16-fe93-4e23-9599-6e8fd4ae1215,2.1643890000414103,1.5905331473410535e-06,7.348647342555439e-07,5.0,0.0,3.0,3.005998437422225e-06,0,1.803335035025763e-06,4.809333472447987e-06,Italy,ITA,veneto,,,macOS-13.4.1-arm64-arm-64bit,3.11.3,2.6.0,8,Apple M1,,,11.9001,45.4087,8.0,machine,N,1.0
2024-08-23T17:48:58,codecarbon,73451852-d6a8-47e3-a94e-692b35da26cc,2.160616041859612,1.5877632347294026e-06,7.34865984500808e-07,5.0,0.0,3.0,3.0007578125352867e-06,0,1.8002002082842713e-06,4.800958020819558e-06,Italy,ITA,veneto,,,macOS-13.4.1-arm64-arm-64bit,3.11.3,2.6.0,8,Apple M1,,,11.9001,45.4087,8.0,machine,N,1.0
2024-08-23T17:49:01,codecarbon,b254ac1d-1f34-4c49-98e7-f0ce385e8534,1.9486737500410527,1.4320004194859707e-06,7.348589877889014e-07,5.0,0.0,3.0,2.7063949654499688e-06,0,1.6235792708660789e-06,4.329974236316048e-06,Italy,ITA,veneto,,,macOS-13.4.1-arm64-arm-64bit,3.11.3,2.6.0,8,Apple M1,,,11.9001,45.4087,8.0,machine,N,1.0
2024-08-23T17:49:06,codecarbon,dd641794-a351-4d26-b8a0-d94de45d2677,1.9524220409803088,1.4347523949905533e-06,7.348577125620675e-07,5.0,0.0,3.0,2.711599305297973e-06,0,1.626696145782868e-06,4.33829545108084e-06,Italy,ITA,veneto,,,macOS-13.4.1-arm64-arm-64bit,3.11.3,2.6.0,8,Apple M1,,,11.9001,45.4087,8.0,machine,N,1.0
2024-08-23T17:49:10,codecarbon,8becb68d-7e0d-44ca-a491-b5f974adc442,1.950996000086889,1.4337042143594282e-06,7.348575877631617e-07,5.0,0.0,3.0,2.7096152777731832e-06,0,1.6255107642306636e-06,4.335126042003847e-06,Italy,ITA,veneto,,,macOS-13.4.1-arm64-arm-64bit,3.11.3,2.6.0,8,Apple M1,,,11.9001,45.4087,8.0,machine,N,1.0
2024-08-23T17:49:13,codecarbon,acd488dd-7812-4d71-aa78-20be7b684565,1.9554516670759767,1.4369808029541297e-06,7.348587680016013e-07,5.0,0.0,3.0,2.7158100694780136e-06,0,1.629223472555168e-06,4.3450335420331815e-06,Italy,ITA,veneto,,,macOS-13.4.1-arm64-arm-64bit,3.11.3,2.6.0,8,Apple M1,,,11.9001,45.4087,8.0,machine,N,1.0
2024-08-23T17:49:16,codecarbon,3eda26ba-ef2e-4b49-9ca6-e8a00d6e4b6b,1.9560226670000704,1.4373991152358397e-06,7.348581074678252e-07,5.0,0.0,3.0,2.71659930553546e-06,0,1.6296990974418198e-06,4.346298402977279e-06,Italy,ITA,veneto,,,macOS-13.4.1-arm64-arm-64bit,3.11.3,2.6.0,8,Apple M1,,,11.9001,45.4087,8.0,machine,N,1.0
2024-08-23T17:49:18,codecarbon,6c23af92-236e-41c8-9c8c-67c772515201,1.9478686249349264,1.4314120248841232e-06,7.348606608065999e-07,5.0,0.0,3.0,2.70528130834767e-06,0,1.6229137850071615e-06,4.328195093354832e-06,Italy,ITA,veneto,,,macOS-13.4.1-arm64-arm-64bit,3.11.3,2.6.0,8,Apple M1,,,11.9001,45.4087,8.0,machine,N,1.0
2024-08-23T17:49:21,codecarbon,a0cbc0e7-9fd0-4af2-b633-dfe6f62a7f14,1.9567417919170111,1.4379264689086314e-06,7.348575447452887e-07,5.0,0.0,3.0,2.7175945026101545e-06,0,1.6302984723976505e-06,4.347892975007805e-06,Italy,ITA,veneto,,,macOS-13.4.1-arm64-arm-64bit,3.11.3,2.6.0,8,Apple M1,,,11.9001,45.4087,8.0,machine,N,1.0
2024-08-23T17:49:24,codecarbon,46c03a34-b723-4fc2-9cf3-ec83c6ea4f2a,1.956058916868642,1.4374225374224851e-06,7.348564631803544e-07,5.0,0.0,3.0,2.716644502814031e-06,0,1.6297247223944094e-06,4.3463692252084405e-06,Italy,ITA,veneto,,,macOS-13.4.1-arm64-arm-64bit,3.11.3,2.6.0,8,Apple M1,,,11.9001,45.4087,8.0,machine,N,1.0
2024-08-23T17:49:27,codecarbon,be7bffb9-a107-4873-b749-de1c0bf1e012,1.9489684589207168,1.4322134727367122e-06,7.348571836456661e-07,5.0,0.0,3.0,2.7068030680917826e-06,0,1.6238153824815528e-06,4.330618450573335e-06,Italy,ITA,veneto,,,macOS-13.4.1-arm64-arm-64bit,3.11.3,2.6.0,8,Apple M1,,,11.9001,45.4087,8.0,machine,N,1.0
2024-08-23T17:49:32,codecarbon,7897b90f-486b-4880-b07c-3206f69da2cc,1.956220375141129,1.4375461742573769e-06,7.348590130872483e-07,5.0,0.0,3.0,2.716874248775033e-06,0,1.6298688201156137e-06,4.346743068890646e-06,Italy,ITA,veneto,,,macOS-13.4.1-arm64-arm-64bit,3.11.3,2.6.0,8,Apple M1,,,11.9001,45.4087,8.0,machine,N,1.0
2024-08-23T17:49:36,codecarbon,72522082-69c0-438e-a93d-e63b1b57a96f,1.977551290998236,1.4532264015165271e-06,7.348615472739331e-07,5.0,0.0,3.0,2.7464998831015287e-06,0,1.6476558674670135e-06,4.394155750568542e-06,Italy,ITA,veneto,,,macOS-13.4.1-arm64-arm-64bit,3.11.3,2.6.0,8,Apple M1,,,11.9001,45.4087,8.0,machine,N,1.0
2024-08-23T17:49:39,codecarbon,195c87aa-f856-4485-a6e0-ead764e41c0f,1.9303909169975668,1.4185599789269236e-06,7.348563269937472e-07,5.0,0.0,3.0,2.6809981484095462e-06,0,1.6083359033412611e-06,4.289334051750807e-06,Italy,ITA,veneto,,,macOS-13.4.1-arm64-arm-64bit,3.11.3,2.6.0,8,Apple M1,,,11.9001,45.4087,8.0,machine,N,1.0
2024-08-23T17:49:42,codecarbon,6eaac0b2-21ab-4c73-8293-d4dbc0e9b026,1.924713833956048,1.414390340596206e-06,7.348574710917283e-07,5.0,0.0,3.0,2.673113020783704e-06,0,1.6036131948931145e-06,4.276726215676818e-06,Italy,ITA,veneto,,,macOS-13.4.1-arm64-arm-64bit,3.11.3,2.6.0,8,Apple M1,,,11.9001,45.4087,8.0,machine,N,1.0
2024-08-23T17:49:44,codecarbon,e1765047-48db-479e-9c82-10ae999f6140,1.9952936249319464,1.4662602392081307e-06,7.348593815399678e-07,5.0,0.0,3.0,2.771140681903085e-06,0,1.6624257983251786e-06,4.433566480228263e-06,Italy,ITA,veneto,,,macOS-13.4.1-arm64-arm-64bit,3.11.3,2.6.0,8,Apple M1,,,11.9001,45.4087,8.0,machine,N,1.0
2024-08-23T17:49:47,codecarbon,ff746093-4480-4c13-9d0f-fdb88883614f,1.931639957940206,1.419473162253046e-06,7.348539029844328e-07,5.0,0.0,3.0,2.682733217888098e-06,0,1.6093620483297857e-06,4.292095266217884e-06,Italy,ITA,veneto,,,macOS-13.4.1-arm64-arm-64bit,3.11.3,2.6.0,8,Apple M1,,,11.9001,45.4087,8.0,machine,N,1.0
2024-08-23T17:49:50,codecarbon,44c8c892-02e1-4dd8-a0f1-cf57987662b9,1.926145208068192,1.4154439607264252e-06,7.348583869987822e-07,5.0,0.0,3.0,2.67509936400327e-06,0,1.6048127082952609e-06,4.27991207229853e-06,Italy,ITA,veneto,,,macOS-13.4.1-arm64-arm-64bit,3.11.3,2.6.0,8,Apple M1,,,11.9001,45.4087,8.0,machine,N,1.0
2024-08-23T17:49:53,codecarbon,e4a8de5e-8cc5-4d2b-a259-7bbdfc9f500f,1.9389570830389853,1.4248579441060322e-06,7.348579071553299e-07,5.0,0.0,3.0,2.692897395981062e-06,0,1.6154799651121722e-06,4.308377361093234e-06,Italy,ITA,veneto,,,macOS-13.4.1-arm64-arm-64bit,3.11.3,2.6.0,8,Apple M1,,,11.9001,45.4087,8.0,machine,N,1.0
2024-08-23T17:49:58,codecarbon,39df2d85-0696-4493-aeac-330f6e9a0256,1.9239855410996825,1.4138455741950963e-06,7.348524944667682e-07,5.0,0.0,3.0,2.6721067707209538e-06,0,1.6029722216383866e-06,4.27507899235934e-06,Italy,ITA,veneto,,,macOS-13.4.1-arm64-arm-64bit,3.11.3,2.6.0,8,Apple M1,,,11.9001,45.4087,8.0,machine,N,1.0
2024-08-23T17:50:02,codecarbon,33819bc1-56e4-4e4d-83aa-7994e8a2c624,1.930674416013062,1.418769253168499e-06,7.348568155258034e-07,5.0,0.0,3.0,2.681394096968385e-06,0,1.608572742358471e-06,4.289966839326856e-06,Italy,ITA,veneto,,,macOS-13.4.1-arm64-arm-64bit,3.11.3,2.6.0,8,Apple M1,,,11.9001,45.4087,8.0,machine,N,1.0
2024-08-23T17:50:05,codecarbon,8f07448b-ff91-4d3f-b98f-3afb9d769ea5,1.9258759170770643,1.4152487296583346e-06,7.348597680198848e-07,5.0,0.0,3.0,2.674733622310062e-06,0,1.604588125095082e-06,4.279321747405144e-06,Italy,ITA,veneto,,,macOS-13.4.1-arm64-arm-64bit,3.11.3,2.6.0,8,Apple M1,,,11.9001,45.4087,8.0,machine,N,1.0
2024-08-23T17:50:07,codecarbon,d982743b-e24b-4741-81fa-86f6adc96da2,1.841147417202592,1.352974641409956e-06,7.348540528414845e-07,5.0,0.0,3.0,2.557049479219131e-06,0,1.5339726042778543e-06,4.091022083496986e-06,Italy,ITA,veneto,,,macOS-13.4.1-arm64-arm-64bit,3.11.3,2.6.0,8,Apple M1,,,11.9001,45.4087,8.0,machine,N,1.0
2024-08-23T17:50:10,codecarbon,647f338b-2706-4166-bbbe-ee20b9ef46f5,1.836605874821544,1.3496371419114232e-06,7.34853982780907e-07,5.0,0.0,3.0,2.5507375581785e-06,0,1.5301928475188714e-06,4.080930405697371e-06,Italy,ITA,veneto,,,macOS-13.4.1-arm64-arm-64bit,3.11.3,2.6.0,8,Apple M1,,,11.9001,45.4087,8.0,machine,N,1.0
2024-08-23T17:50:13,codecarbon,c505b73d-0531-48b5-b969-26d069a447cd,1.886734874919057,1.3864813123995907e-06,7.348575206991244e-07,5.0,0.0,3.0,2.6203684026970423e-06,0,1.5719686107089124e-06,4.192337013405955e-06,Italy,ITA,veneto,,,macOS-13.4.1-arm64-arm-64bit,3.11.3,2.6.0,8,Apple M1,,,11.9001,45.4087,8.0,machine,N,1.0
2024-08-23T17:50:15,codecarbon,0b10f438-ccd3-4d4a-bdad-5909668d567e,1.8338850419968369,1.3476366425217356e-06,7.348533913850747e-07,5.0,0.0,3.0,2.5469634264785177e-06,0,1.5279180209230012e-06,4.074881447401519e-06,Italy,ITA,veneto,,,macOS-13.4.1-arm64-arm-64bit,3.11.3,2.6.0,8,Apple M1,,,11.9001,45.4087,8.0,machine,N,1.0
2024-08-23T17:50:18,codecarbon,2cfbab3f-1b18-4482-bea8-a3c078b2b10c,1.8576726249884807,1.3651202447264462e-06,7.348551226752941e-07,5.0,0.0,3.0,2.5800038775843048e-06,0,1.547743159850749e-06,4.127747037435054e-06,Italy,ITA,veneto,,,macOS-13.4.1-arm64-arm-64bit,3.11.3,2.6.0,8,Apple M1,,,11.9001,45.4087,8.0,machine,N,1.0
2024-08-23T17:50:21,codecarbon,1a5086a7-3bba-416d-856f-6b37eeed5a23,1.8475368751678616,1.3576695242841062e-06,7.348538167395183e-07,5.0,0.0,3.0,2.5659233224966256e-06,0,1.539294791679519e-06,4.105218114176144e-06,Italy,ITA,veneto,,,macOS-13.4.1-arm64-arm-64bit,3.11.3,2.6.0,8,Apple M1,,,11.9001,45.4087,8.0,machine,N,1.0
2024-08-23T17:50:26,codecarbon,0c026d65-21f1-4431-b63c-2f52221df5d5,1.8376786671578884,1.3504202546244695e-06,7.348511351622743e-07,5.0,0.0,3.0,2.552229051555817e-06,0,1.5310692709560196e-06,4.083298322511837e-06,Italy,ITA,veneto,,,macOS-13.4.1-arm64-arm-64bit,3.11.3,2.6.0,8,Apple M1,,,11.9001,45.4087,8.0,machine,N,1.0
2024-08-23T17:50:31,codecarbon,4cdddd83-2d67-4276-bb21-ac434a4fec36,1.8440294170286504,1.3550944560871503e-06,7.348551186730316e-07,5.0,0.0,3.0,2.561055324945805e-06,0,1.536376493362089e-06,4.097431818307895e-06,Italy,ITA,veneto,,,macOS-13.4.1-arm64-arm-64bit,3.11.3,2.6.0,8,Apple M1,,,11.9001,45.4087,8.0,machine,N,1.0
2024-08-23T17:50:34,codecarbon,f16b265c-8d3e-44f2-9d61-62378889d979,1.832496709190309,1.3466187546238385e-06,7.348546646061065e-07,5.0,0.0,3.0,2.545037558431633e-06,0,1.5267660767616083e-06,4.0718036351932415e-06,Italy,ITA,veneto,,,macOS-13.4.1-arm64-arm-64bit,3.11.3,2.6.0,8,Apple M1,,,11.9001,45.4087,8.0,machine,N,1.0
2024-08-23T17:50:36,codecarbon,1e065fee-6fd2-4c39-85f2-0e094da2fef4,1.8356618331745267,1.3489287273533674e-06,7.34845984688029e-07,5.0,0.0,3.0,2.549410126327227e-06,0,1.5293782291701065e-06,4.078788355497334e-06,Italy,ITA,veneto,,,macOS-13.4.1-arm64-arm-64bit,3.11.3,2.6.0,8,Apple M1,,,11.9001,45.4087,8.0,machine,N,1.0
2024-08-23T17:50:39,codecarbon,faad2a11-6244-4e94-83de-c3345bec1a18,1.8324503330513835,1.3465619541341472e-06,7.348422654882338e-07,5.0,0.0,3.0,2.5449646986089644e-06,0,1.5266671875724569e-06,4.071631886181421e-06,Italy,ITA,veneto,,,macOS-13.4.1-arm64-arm-64bit,3.11.3,2.6.0,8,Apple M1,,,11.9001,45.4087,8.0,machine,N,1.0
2024-08-23T17:50:42,codecarbon,c06b24b3-2012-4a7a-8c5a-d304ac1087b7,1.829105542041361,1.3441193762514751e-06,7.348506389365478e-07,5.0,0.0,3.0,2.5403236695435934e-06,0,1.5239225349311407e-06,4.064246204474734e-06,Italy,ITA,veneto,,,macOS-13.4.1-arm64-arm-64bit,3.11.3,2.6.0,8,Apple M1,,,11.9001,45.4087,8.0,machine,N,1.0
2024-08-23T17:50:44,codecarbon,d5013c37-28fd-4e16-9f9c-d5d8d1669974,1.8375174161046743,1.3503061719806616e-06,7.348535367045148e-07,5.0,0.0,3.0,2.552011284731432e-06,0,1.530942083336413e-06,4.082953368067845e-06,Italy,ITA,veneto,,,macOS-13.4.1-arm64-arm-64bit,3.11.3,2.6.0,8,Apple M1,,,11.9001,45.4087,8.0,machine,N,1.0
2024-08-23T17:50:47,codecarbon,d751e278-e845-45a0-969d-18ee9fdae1bd,1.8392744159791616,1.3516002439801722e-06,7.348551321313465e-07,5.0,0.0,3.0,2.5544534721929165e-06,0,1.5324128126182282e-06,4.086866284811145e-06,Italy,ITA,veneto,,,macOS-13.4.1-arm64-arm-64bit,3.11.3,2.6.0,8,Apple M1,,,11.9001,45.4087,8.0,machine,N,1.0
2024-08-23T17:50:49,codecarbon,b6aefbe0-8ee7-4c2f-b4c0-b92ddb92ffff,1.83149554184638,1.3458798332262037e-06,7.348529125380159e-07,5.0,0.0,3.0,2.5436442707561785e-06,0,1.5259250699697683e-06,4.069569340725946e-06,Italy,ITA,veneto,,,macOS-13.4.1-arm64-arm-64bit,3.11.3,2.6.0,8,Apple M1,,,11.9001,45.4087,8.0,machine,N,1.0
2024-08-23T17:50:55,codecarbon,e168f92a-a124-40ad-a7f2-2362aec10e76,1.8345103750471023,1.3480882412610705e-06,7.348490690473512e-07,5.0,0.0,3.0,2.547826679074205e-06,0,1.5284202783368526e-06,4.076246957411058e-06,Italy,ITA,veneto,,,macOS-13.4.1-arm64-arm-64bit,3.11.3,2.6.0,8,Apple M1,,,11.9001,45.4087,8.0,machine,N,1.0
2024-08-23T17:50:59,codecarbon,7fd03676-e749-4b4d-83c6-89424a05fb25,1.8365087921265515,1.3495597562618688e-06,7.348506917296982e-07,5.0,0.0,3.0,2.5506012736716205e-06,0,1.530095139169134e-06,4.080696412840755e-06,Italy,ITA,veneto,,,macOS-13.4.1-arm64-arm-64bit,3.11.3,2.6.0,8,Apple M1,,,11.9001,45.4087,8.0,machine,N,1.0
2024-08-23T17:51:01,codecarbon,01cd6047-5e90-4798-adad-5cb1faec6ad7,1.8921817089430988,1.3904690444778822e-06,7.348496383333849e-07,5.0,0.0,3.0,2.62793408603304e-06,0,1.5764607291202992e-06,4.20439481515334e-06,Italy,ITA,veneto,,,macOS-13.4.1-arm64-arm-64bit,3.11.3,2.6.0,8,Apple M1,,,11.9001,45.4087,8.0,machine,N,1.0
2024-08-23T17:51:04,codecarbon,a239dd1d-8c04-4ae7-9e31-b4a2b4f3fd3b,1.8390873330645263,1.3514619697571593e-06,7.348546996434246e-07,5.0,0.0,3.0,2.5541899874547705e-06,0,1.5322581942503653e-06,4.086448181705136e-06,Italy,ITA,veneto,,,macOS-13.4.1-arm64-arm-64bit,3.11.3,2.6.0,8,Apple M1,,,11.9001,45.4087,8.0,machine,N,1.0
2024-08-23T17:51:07,codecarbon,d21bd510-c148-4b6e-b0f2-79239eabb2ff,1.843086665961892,1.3543969081856882e-06,7.348525347172646e-07,5.0,0.0,3.0,2.5597370359011825e-06,0,1.5355855899785336e-06,4.095322625879716e-06,Italy,ITA,veneto,,,macOS-13.4.1-arm64-arm-64bit,3.11.3,2.6.0,8,Apple M1,,,11.9001,45.4087,8.0,machine,N,1.0
2024-08-23T17:51:09,codecarbon,8341e117-72d9-402d-9552-8e8c88578358,1.8825982911512256,1.3834291336542883e-06,7.348509451840144e-07,5.0,0.0,3.0,2.61462181677214e-06,0,1.5684862500832729e-06,4.183108066855413e-06,Italy,ITA,veneto,,,macOS-13.4.1-arm64-arm-64bit,3.11.3,2.6.0,8,Apple M1,,,11.9001,45.4087,8.0,machine,N,1.0
2024-08-23T17:51:12,codecarbon,01e8bfd2-d3c9-4022-8491-0a10c38676f6,1.83003416704014,1.3448003296702166e-06,7.348498481016175e-07,5.0,0.0,3.0,2.541616955487472e-06,0,1.5246882642774532e-06,4.066305219764925e-06,Italy,ITA,veneto,,,macOS-13.4.1-arm64-arm-64bit,3.11.3,2.6.0,8,Apple M1,,,11.9001,45.4087,8.0,machine,N,1.0
2024-08-23T17:51:15,codecarbon,f6e9fc63-4495-4909-8573-a7e550f99e25,1.828485958976671,1.3436667097823802e-06,7.348520797689776e-07,5.0,0.0,3.0,2.5394687500213168e-06,0,1.5234087159236274e-06,4.062877465944944e-06,Italy,ITA,veneto,,,macOS-13.4.1-arm64-arm-64bit,3.11.3,2.6.0,8,Apple M1,,,11.9001,45.4087,8.0,machine,N,1.0
2024-08-23T17:51:17,codecarbon,2458e1ce-dc19-4b65-927f-d2855f25e6a9,1.825717958854512,1.3416335215292054e-06,7.348525630820714e-07,5.0,0.0,3.0,2.535620776406075e-06,0,1.521108889137395e-06,4.05672966554347e-06,Italy,ITA,veneto,,,macOS-13.4.1-arm64-arm-64bit,3.11.3,2.6.0,8,Apple M1,,,11.9001,45.4087,8.0,machine,N,1.0
2024-08-23T17:51:23,codecarbon,d3d6d69a-2953-400c-bdb5-548baf3e505c,1.891832707915455,1.390214081737858e-06,7.348504315001968e-07,5.0,0.0,3.0,2.62744675985434e-06,0,1.57617711830729e-06,4.20362387816163e-06,Italy,ITA,veneto,,,macOS-13.4.1-arm64-arm-64bit,3.11.3,2.6.0,8,Apple M1,,,11.9001,45.4087,8.0,machine,N,1.0
2024-08-23T17:51:28,codecarbon,b9d3da34-2d61-4593-8f44-352cf94ccaf8,1.8323825411498549,1.3465263214473749e-06,7.348500060486299e-07,5.0,0.0,3.0,2.5448745944433742e-06,0,1.5266495483228937e-06,4.071524142766268e-06,Italy,ITA,veneto,,,macOS-13.4.1-arm64-arm-64bit,3.11.3,2.6.0,8,Apple M1,,,11.9001,45.4087,8.0,machine,N,1.0
2024-08-23T17:51:30,codecarbon,c6a97cf6-a375-4951-afd4-2dea08b4ccd9,1.833039249991998,1.347014459820282e-06,7.348530370127984e-07,5.0,0.0,3.0,2.5457881944021213e-06,0,1.5272119441457713e-06,4.073000138547892e-06,Italy,ITA,veneto,,,macOS-13.4.1-arm64-arm-64bit,3.11.3,2.6.0,8,Apple M1,,,11.9001,45.4087,8.0,machine,N,1.0
2024-08-23T17:51:33,codecarbon,e422cf4a-81f6-406e-9f8c-bc3d5b139948,1.876242500031367,1.3787633844729165e-06,7.348535087814428e-07,5.0,0.0,3.0,2.6057948500642346e-06,0,1.5632052783621477e-06,4.169000128426382e-06,Italy,ITA,veneto,,,macOS-13.4.1-arm64-arm-64bit,3.11.3,2.6.0,8,Apple M1,,,11.9001,45.4087,8.0,machine,N,1.0
2024-08-23T17:51:35,codecarbon,e1450b84-65f1-4b8d-a817-27c7bb4a1df1,1.850188166135922,1.3596120325517364e-06,7.348506802912142e-07,5.0,0.0,3.0,2.5696049182442947e-06,0,1.5414868050720542e-06,4.111091723316349e-06,Italy,ITA,veneto,,,macOS-13.4.1-arm64-arm-64bit,3.11.3,2.6.0,8,Apple M1,,,11.9001,45.4087,8.0,machine,N,1.0
2024-08-23T17:51:38,codecarbon,83d57a7c-6af9-4d5a-a181-2683551f1666,1.9138646670617163,1.406410046298752e-06,7.348534462773484e-07,5.0,0.0,3.0,2.6580409722454432e-06,0,1.5945550349230568e-06,4.2525960071685004e-06,Italy,ITA,veneto,,,macOS-13.4.1-arm64-arm-64bit,3.11.3,2.6.0,8,Apple M1,,,11.9001,45.4087,8.0,machine,N,1.0
2024-08-23T17:51:41,codecarbon,1876f4e5-664f-47a5-8e20-cb1f61426fa3,1.9600588749162853,1.4403578083040614e-06,7.348543590893816e-07,5.0,0.0,3.0,2.72220648055534e-06,0,1.633038194073985e-06,4.3552446746293255e-06,Italy,ITA,veneto,,,macOS-13.4.1-arm64-arm-64bit,3.11.3,2.6.0,8,Apple M1,,,11.9001,45.4087,8.0,machine,N,1.0
2024-08-23T17:51:43,codecarbon,391be881-d806-47eb-a8e9-75563da41dfa,1.9696769169531765,1.4474323529152603e-06,7.348577527903624e-07,5.0,0.0,3.0,2.73556475682805e-06,0,1.6410713891188306e-06,4.37663614594688e-06,Italy,ITA,veneto,,,macOS-13.4.1-arm64-arm-64bit,3.11.3,2.6.0,8,Apple M1,,,11.9001,45.4087,8.0,machine,N,1.0
2024-08-23T17:51:46,codecarbon,a54be81a-9b7d-4372-9416-3c59127f87cf,1.972036124905572,1.4491673134170665e-06,7.3485840097704e-07,5.0,0.0,3.0,2.7388392362303823e-06,0,1.6430429516670603e-06,4.381882187897443e-06,Italy,ITA,veneto,,,macOS-13.4.1-arm64-arm-64bit,3.11.3,2.6.0,8,Apple M1,,,11.9001,45.4087,8.0,machine,N,1.0
2024-08-23T17:51:52,codecarbon,b072436f-b9e4-48b4-a652-c3a553c6304a,1.9698651670478284,1.4475717978572522e-06,7.348583152148835e-07,5.0,0.0,3.0,2.735822511345355e-06,0,1.6412352776387704e-06,4.377057788984126e-06,Italy,ITA,veneto,,,macOS-13.4.1-arm64-arm-64bit,3.11.3,2.6.0,8,Apple M1,,,11.9001,45.4087,8.0,machine,N,1.0
2024-08-23T17:51:56,codecarbon,7efc5d13-8d3d-4d35-8838-f570d593cb5a,1.9677374579478053,1.446011249329493e-06,7.348598480396709e-07,5.0,0.0,3.0,2.732872106652293e-06,0,1.6394670140774302e-06,4.372339120729723e-06,Italy,ITA,veneto,,,macOS-13.4.1-arm64-arm-64bit,3.11.3,2.6.0,8,Apple M1,,,11.9001,45.4087,8.0,machine,N,1.0
2024-08-23T17:51:58,codecarbon,10295566-92a9-428e-8e54-650ec4077928,1.96069720806554,1.4408380383669586e-06,7.348600449064321e-07,5.0,0.0,3.0,2.723094327828019e-06,0,1.6336024300350498e-06,4.356696757863069e-06,Italy,ITA,veneto,,,macOS-13.4.1-arm64-arm-64bit,3.11.3,2.6.0,8,Apple M1,,,11.9001,45.4087,8.0,machine,N,1.0
2024-08-23T17:52:01,codecarbon,62578c5c-5970-4dfa-90ad-a4fff7bc97aa,1.969486583024264,1.447290190170143e-06,7.348565878259212e-07,5.0,0.0,3.0,2.735293750043234e-06,0,1.6409125349794826e-06,4.376206285022717e-06,Italy,ITA,veneto,,,macOS-13.4.1-arm64-arm-64bit,3.11.3,2.6.0,8,Apple M1,,,11.9001,45.4087,8.0,machine,N,1.0
2024-08-23T17:52:04,codecarbon,0779753c-55f3-4eb8-a296-17497268d21c,2.017875165911392,1.482854654275164e-06,7.348594597552418e-07,5.0,0.0,3.0,2.8025054971092484e-06,0,1.6812379165397336e-06,4.483743413648982e-06,Italy,ITA,veneto,,,macOS-13.4.1-arm64-arm-64bit,3.11.3,2.6.0,8,Apple M1,,,11.9001,45.4087,8.0,machine,N,1.0
2024-08-23T17:52:07,codecarbon,3ce7cc72-faf2-4ff8-b7ff-535cd33cd8a9,1.9734096669126304,1.4501728186527964e-06,7.348564481907956e-07,5.0,0.0,3.0,2.7407429400934944e-06,0,1.644179618257719e-06,4.384922558351213e-06,Italy,ITA,veneto,,,macOS-13.4.1-arm64-arm-64bit,3.11.3,2.6.0,8,Apple M1,,,11.9001,45.4087,8.0,machine,N,1.0
2024-08-23T17:52:09,codecarbon,1abfb048-4318-4e28-a9b8-01e75398d805,1.9689576250966638,1.4469052597207043e-06,7.348585064900369e-07,5.0,0.0,3.0,2.7345630207694034e-06,0,1.6404793407612791e-06,4.3750423615306825e-06,Italy,ITA,veneto,,,macOS-13.4.1-arm64-arm-64bit,3.11.3,2.6.0,8,Apple M1,,,11.9001,45.4087,8.0,machine,N,1.0
